sa_code,sa_name,subtype,area_km2,intersection_count,junction_density,street_density_km_km2,avg_street_length_m,dead_end_ratio,circuity_avg,amenity_count,amenity_density,walkability_index
f6c357d7-64a9-490e-9efd-d664353d29b5,מטולה,locality,9.3157,129.0,13.847551328548747,8.205681462895942,250.6291270099937,0.5852090032154341,1.2917097012464542,81,8.694974090018981,22.34
403dd15d-c3bb-4775-9768-0bdb0b2b27a9,משגב עם,locality,0.1327,21.0,158.2607628177024,48.509784740962175,90.66027640328713,0.7236842105263158,1.0931542042990878,4,30.14490720337189,75.66
13cc8342-22ae-4f5b-81f4-18f8aa8f5773,כפר גלעדי,locality,0.4341,39.0,89.84275722287774,32.77999720115839,115.68720696498303,0.738255033557047,1.2997236376117345,20,46.073208832244994,66.9
9851863d-57b2-49db-9a3c-000da18e53ff,דפנה,locality,0.6538,100.0,152.9503694828306,34.318480252169124,91.95761324786464,0.5934959349593496,1.3940210040908574,20,30.59007389656612,71.33
b39f98e1-f8bd-4a4f-bd9f-f5d177c6b4db,מעיין ברוך,locality,0.4416,45.0,101.90688832668299,31.0067639457376,110.41897993838604,0.6715328467153284,1.14024986311798,13,29.43976773881953,65.05
36b7d286-57c0-4727-89da-c746da116e16,כפר יובל,locality,0.5637,70.0,124.17401192574553,27.512550414412427,106.22954533123962,0.4573643410852713,1.047673293303525,12,21.28697347298495,67.26
fd13cf97-60f9-4677-a4ed-440abeedc981,שניר,locality,0.419,30.0,71.59402849196051,25.55790605822747,140.91464526794388,0.6153846153846154,1.2407812709350348,3,7.159402849196051,45.61
d5635031-a613-45f2-b7fe-5dba4af833c6,דן,locality,0.4293,53.0,123.46137844735904,23.151637081960875,91.18007730229604,0.4803921568627451,1.166367357913993,13,30.28297961916354,65.33
2fd30c0b-9e8c-40d6-8561-4e6d9f41a417,שאר ישוב,locality,0.4537,11.0,24.24438530060468,20.022405915673552,412.9287186995451,0.35294117647058826,1.1990794469584662,16,35.26456043724317,48.73
ba98b603-69f5-40dc-8bcc-7eeb4cfc11ef,גונן,locality,0.5324,31.0,58.22994635206114,23.619355723495808,184.9159777184094,0.4918032786885246,1.3740010648082193,11,20.662239028150726,45.29
a577d1ed-d321-482f-807a-ea93cc7b2499,חולתה,locality,0.3147,30.0,95.34138692411024,23.746022920516097,103.77629837456912,0.6153846153846154,1.0645539246739733,10,31.780462308036746,61.64
d71feed5-76d5-4dab-a148-e081088fca7d,יסוד המעלה,locality,11.6872,84.0,7.187375634425742,7.926870567877244,319.4572230290502,0.7679558011049724,1.4905351898637609,57,4.877147751931753,16.31
c3704d98-0402-4f2f-8afe-7d44f21a72b8,מועצה אזורית מבואות החרמון,locality,134.617,675.0,5.014225545285843,6.138355169848707,404.8637714935194,0.7116616830414353,1.4049917134384258,230,1.7085509265418428,14.7
55df469f-6d4a-4223-a035-22c0e5adf715,מועצה אזורית גליל עליון,locality,295.8377,1853.0,6.263568501690774,6.35968935842119,347.25658504821035,0.6905477621910487,1.3980532588359844,591,1.99771666729587,15.32
fc794e16-b7a0-4396-b726-2c50f72a90aa,דישון,locality,0.2969,12.0,40.42099563874944,21.800573838628214,208.7759510904104,0.5714285714285714,1.2264438875957635,5,16.8420815161456,40.96
049d73aa-0df2-40dc-a031-964334ca988e,מלכיה,locality,0.3627,45.0,124.0568443419916,34.34852812615161,102.97090874014114,0.6715328467153284,1.1256151010390518,4,11.027275052621476,62.34
96f98132-337d-4c6d-ac25-77ca5c434698,רמות נפתלי,locality,0.5661,29.0,51.230995093194224,24.500584098375768,200.9983784458056,0.6081081081081081,1.1404466237061268,22,38.86489282931976,55.02
ed1e2e1e-2b77-41b3-a0ff-afcd72a19156,יפתח,locality,0.3513,31.0,88.25404478788386,37.766531184485814,131.34477427225198,0.7372881355932204,1.1553841441549768,6,17.08142802346139,57.15
bf3d9bfd-98f9-457d-a344-9757f91980e5,להבות הבשן,locality,0.4853,42.0,86.55122030819356,29.22430185481546,166.84043527080357,0.44,1.1321599305400425,14,28.850406769397853,63.15
9ec639b3-a012-4820-b40e-79a64e036119,שמיר,locality,0.5906,49.0,82.96929665418361,25.233694081651468,136.7203014266229,0.5420560747663551,1.0553234723163454,7,11.852756664883374,52.33
bf17f7fc-ed8e-4ed3-93c6-dbaff9b13832,עמיר,locality,0.5041,36.0,71.4211279832991,23.442291363799153,131.29051318977113,0.5955056179775281,1.1268952853816836,20,39.678404435166165,58.88
c42f5970-2b20-4689-9264-2f561d6aafbc,נאות מרדכי,locality,0.4233,35.0,82.69015003697244,24.003514740217753,125.43076872688943,0.5679012345679012,1.0953569187356673,9,21.263181438078625,54.62
271c7f56-0548-438a-9be9-bde4a1c4f588,כפר בלום,locality,0.6879,36.0,52.33399060669565,21.39163624619866,130.22195474310263,0.712,1.1459364223235846,19,27.620717264644924,48.59
afaac5cc-385d-44a2-88d4-9a423c2cf269,שדה נחמיה,locality,0.5543,41.0,73.97348447514942,27.45830004915707,146.33495808602837,0.6019417475728155,1.10947784040258,28,50.51847720254107,66.46
79015f55-e663-48fb-9d82-19f31eb7ccac,כפר סאלד,locality,0.4227,33.0,78.07240957456163,29.648429872448382,126.58517921167011,0.6886792452830188,1.0822451252663885,4,9.463322372674138,52.93
0f309785-d2d9-4576-be54-d24c4e2c4e71,הגושרים,locality,0.747,86.0,115.12316162201407,28.71815530153775,92.87103872756938,0.6446280991735537,1.1870704618665264,30,40.159242426283974,70.43
63d7ebb5-286c-47a0-b5d3-c5ecf89e05d0,בית הלל,locality,0.5881,36.0,61.21281132663058,16.259127946075704,100.65464425591723,0.6504854368932039,1.4236884347521985,26,44.20925262478875,49.41
2cfffff9-e954-4f73-83e1-83c9a12d1537,קרית שמונה,locality,14.3827,664.0,46.166449145156406,16.985647235727686,140.8069943098559,0.6351648351648351,1.2649988191424795,505,35.11153135286745,45.63
728bce37-bb0a-4675-b59e-394afd77a9b6,מנרה,locality,0.1321,15.0,113.56533300559796,47.97277304697582,154.54552956328894,0.6590909090909091,9.05112815006533,7,52.997155402612385,62.71
681776fb-79e1-4faf-8cf1-0e8cf583b7f9,מרגליות,locality,0.4068,24.0,58.998036729936445,34.974780994996365,124.80265779224038,0.8562874251497006,1.1295253091730766,3,7.374754591242056,47.81
6a4d623b-9b54-467d-8339-fe670f675fcc,אביבים,locality,0.2873,14.0,48.727277407063575,28.95059968372903,166.35790757866246,0.7878787878787878,1.1805175977559461,5,17.402599073951276,48.3
57fdf796-7cb3-4094-8fe2-00ad0005e96e,עלמה,locality,0.8516,27.0,31.70485732522063,18.520822725680638,187.76686263974287,0.7428571428571429,1.106271795472356,3,3.5227619250245144,33.5
4a7cfd7c-a040-493b-abe4-657498002135,الريحانية,locality,0.3926,32.0,81.51797980662639,23.446929166310536,119.53410005921508,0.6097560975609756,1.0652166825910627,8,20.379494951656596,54.11
04c3abfa-111b-4902-8cc4-953cbee759e4,ברעם,locality,0.2956,31.0,104.86670066822681,35.51283721751815,128.0252426766053,0.6555555555555556,1.0947080975161316,7,23.679577570244764,64.02
49bbb281-e1b1-4ed0-85df-25d8c4a1804e,יראון,locality,0.346,25.0,72.2448611873531,36.45586310193104,113.65209708991377,0.831081081081081,1.2340262716937067,8,23.11835557995299,55.19
eb095165-fb8d-4997-bffd-c2d7847ed8de,דוב״ב,locality,0.3181,11.0,34.579301895142564,36.077400240961175,179.32123630541668,0.8829787234042553,1.9872721715117136,3,9.430718698675244,30.88
8de222e1-5ab0-41bf-a51d-0ec781d3d086,זרעית,locality,0.2421,4.0,16.5214775848357,34.794169872407934,382.90840946821294,0.84,1.1095537778008477,3,12.391108188626776,41.62
468f9602-2dd5-4820-a174-27f86f3eff9f,שתולה,locality,0.304,11.0,36.17871667766557,26.63528985415457,207.6501971616243,0.7380952380952381,1.0720388803406327,9,29.600768190817288,50.75
67a3bccb-54f5-4bc4-8abb-71f3c8ff7d01,אבן מנחם,locality,0.3561,9.0,25.270281418019483,26.34749109455611,180.4547647890736,0.8767123287671232,6.238556764751542,23,64.57960806827201,42.62
e2c75e4a-fd94-4d9d-b1ee-22fa6fbd42e8,נטועה,locality,0.272,12.0,44.11895473236279,33.502368631869864,246.28038301699186,0.7333333333333333,1.2579034957101625,6,22.059477366181394,48.78
656bbc92-117b-44bd-8c55-7deed64ee6a5,فسوطة,locality,11.0522,95.0,8.595558648367858,6.511782451915543,325.6545172297975,0.5476190476190477,1.1657972102965035,22,1.9905504238325564,19.37
a92116af-f15c-49fd-940d-b352b882a107,גרנות הגליל,locality,0.0963,14.0,145.42800792824588,56.62654223886723,143.45524356507403,0.6585365853658537,1.234623745530575,5,51.93857426008782,80.57
eab441c9-2645-48d4-8539-b96e92ab88fe,שומרה,locality,0.4457,29.0,65.06086791364278,35.78938785250927,227.8947789323319,0.5538461538461539,1.2154633928881104,25,56.086955097967916,64.78
136b8739-b63f-41aa-be5b-30fe72557779,العرامشة,locality,0.532,33.0,62.029253783671905,20.38589708807376,157.1803024136274,0.4107142857142857,1.0963276468353162,1,1.8796743570809669,42.98
9f9fb6ce-7bd3-4538-96ff-857925b071c4,אדמית,locality,0.2102,34.0,161.75975968412206,45.87028353962827,130.28911344530434,0.47692307692307695,1.2640845580782631,1,4.757639990709473,63.63
f315f18e-4ce6-4339-8e04-75dc8730d619,גורן,locality,0.6235,19.0,30.47223528663292,16.187167525144346,214.74461956734208,0.6122448979591837,1.1779839806132473,37,59.34066871607463,49.22
53000658-06b8-46ba-bda7-22aaa7bd5d8a,איילון,locality,0.6636,31.0,46.71303166641774,20.847019286155987,184.4617586189719,0.5866666666666667,1.2698241593471378,23,34.658055752503486,48.06
06c31cf7-1d24-4b23-ba9d-e1b717074db9,יערה,locality,0.5205,32.0,61.480408039333035,27.004199673718205,171.40784518171105,0.627906976744186,1.7124004905627197,17,32.66146677089568,47.68
0e441a27-9dc3-44e3-b560-b33875702a1f,עבדון,locality,0.5184,42.0,81.01346513493908,24.362226498346125,135.80823656458745,0.5,1.1105272543088471,17,32.791164459380106,58.9
e705328e-a874-4b3d-9816-18f45a2e00a4,מצובה,locality,0.567,45.0,79.35918774215861,19.28471484377135,117.58328051946229,0.45121951219512196,1.2116699804812427,13,22.925987569956934,51.19
1f0ff9ef-fdb8-40a7-b1f0-cc800dc4cec8,חניתה,locality,0.2892,22.0,76.08370034031392,28.127717758011578,150.61623602456226,0.5925925925925926,1.4399371467527937,6,20.75010009281289,50.67
c094869d-e857-4897-8957-3bde39a9f310,النواقير,locality,0.024,1.0,41.67369596852185,21.621693954054102,172.94437535518816,0.75,1.0226025523870768,0,0.0,37.41
26bfd0ec-af3f-4e9b-bc6a-5f62fd7252f9,שלומי,locality,1.5451,193.0,124.91022432401405,29.6306518245524,101.96571878300749,0.5393794749403341,1.322569117355529,122,78.95879465041303,74.9
40544512-bf73-49eb-b48c-c1e5cc641cb8,בצת,locality,0.7276,47.0,64.60016569509338,23.088025128127423,154.10776233673434,0.6016949152542372,1.093281287048613,10,13.744716105339016,47.41
67f7eec1-0fee-4da4-a912-1d33b918cfd7,ראש הנקרה,locality,0.4155,40.0,96.26209708127507,29.557585363043152,109.66185868450748,0.6721311475409836,1.0911174419228071,7,16.845866989223136,59.33
4bab91a8-b61b-4c47-8c88-ddf720a27a15,לימן,locality,0.5179,25.0,48.2755034959211,24.322046563913727,242.21998260990082,0.4791666666666667,3.8832817903797645,22,42.48244307641057,43.49
3bd63ffd-dc7c-40fb-9d80-36159cd5a8b8,שלומי,locality,5.8652,286.0,48.762424368495466,17.746787719226944,165.74515957946244,0.5168918918918919,1.2769302868692451,125,21.31224841280396,40.95
818ee582-14a4-4733-8c5a-0e35fbf4be85,גשר הזיו,locality,0.5525,62.0,112.22621214772589,26.08620252856994,108.35690839543838,0.4700854700854701,1.3536632152547057,22,39.82220431048338,66.36
026c069b-0136-4f63-8c6d-dc44af6e78e3,סער,locality,0.4915,44.0,89.52190735532339,25.920592131760543,126.13827698833161,0.5319148936170213,1.3737428733686874,7,14.24212162471054,50.28
64b0de21-8d10-4931-b2e3-5b63bf78f146,בן עמי,locality,0.6598,17.0,25.764806704082797,13.635545056455785,163.58061854902652,0.746268656716418,1.0418595641718948,22,33.342691028813036,41.95
3817fd25-99cf-4b50-a03b-2f32dfbc1d05,נהריה,locality,13.8688,1014.0,73.11374082612696,20.153721402450284,119.19316548948923,0.5653664809258465,1.2962364391650794,1230,88.68826549914807,58.62
ad62329f-0f2d-481a-aab1-7b18d5c29b01,כברי,locality,0.4753,73.0,153.58574456892958,39.831510775763306,94.66048736462453,0.6826086956521739,1.1763969322731787,31,65.22134358406598,82.35
705fc520-66e7-4b72-85a0-bbc4e8813422,الشيخ دنون‎,locality,0.3533,40.0,113.2097013091538,18.870580359828427,87.72997618629556,0.38461538461538464,1.0679767306893935,3,8.490727598186535,56.06
2bc90628-4b6c-4913-986a-170c6dfbdfe9,נתיב השיירה,locality,0.6085,7.0,11.503942921882219,9.220159893045313,255.01580272238,0.75,1.0493756570684107,14,23.007885843764438,31.91
56642381-b94d-436a-89eb-2489b0dbaa28,בית העמק,locality,0.5068,48.0,94.71370821090441,28.50812109932147,116.51324738857461,0.616,1.2148817511109347,10,19.732022543938417,57.62
37887172-3be0-4b6d-af61-e25a68950d3c,أبو سنان,locality,6.4902,151.0,23.26585049968772,11.093792993432261,223.6053551565059,0.531055900621118,1.1469430733808454,85,13.096670811082491,30.08
b6881dac-7b58-40a4-b910-da5bf235e547,נס עמים,locality,0.161,20.0,124.22650920182743,64.87567450189322,153.5991058466469,0.7560975609756098,1.265318451091547,5,31.056627300456856,68.29
170bd4f7-370a-42af-9179-c93e6476fb98,רגבה,locality,0.3837,45.0,117.28398586298556,32.6676539108732,109.94788801627345,0.5794392523364486,1.3661281508560734,22,57.33883753301516,72.96
c51101ab-2b26-4feb-a5cc-9701ba712ce4,לוחמי הגטאות,locality,0.5925,42.0,70.88215427290947,22.314444031793744,119.11747369665026,0.6470588235294118,1.0745735483840708,16,27.00272543729885,53.74
793da7f6-4c61-4932-bf9b-eb0d14a1d434,שבי ציון,locality,0.5048,53.0,104.99965503077313,23.10320315829583,91.82405626560471,0.6159420289855072,1.1625674221066287,22,43.58476246560394,66.4
9cc554a5-af7e-4854-8667-43eaba037769,المزرعة,locality,0.9782,121.0,123.69689188876792,26.614092335254337,95.01401697768675,0.5567765567765568,1.1085027821765168,26,26.57949743064435,66.49
3702fc3f-c966-4052-9519-38c9d328591a,עברון,locality,0.4819,58.0,120.3607635631585,24.362226309273602,98.65363027673581,0.4368932038834951,1.0877383573769501,15,31.127783680127198,68.34
57777ec0-ea42-4456-889e-4305c796474b,עכו,locality,18.0987,1272.0,70.28127991070565,21.25461844374504,122.15974058257724,0.5933503836317136,1.3703061111913255,968,53.48449603267537,57.67
30d93800-e9c3-495c-ba6c-8bbda67aa009,בוסתן הגליל,locality,0.8567,34.0,39.685967005647726,41.017103895990736,408.60953013102505,0.569620253164557,1.3266037406644626,24,28.01362376869251,49.24
b91ea182-36a7-4662-806e-4eb0ca1e4cdb,שומרת,locality,0.4855,24.0,49.43615974378016,14.815580159659357,141.03113507051546,0.4,1.077571466115252,12,24.71807987189008,46.49
e9461443-f2d1-4323-bfec-6157989bc900,كفر ياسيف,locality,5.6377,100.0,17.737651954539217,8.158993254253838,194.90745112848847,0.5934959349593496,1.1099332758761689,263,46.65002464043814,41.0
6229c715-0d8f-4fef-8f37-41ed31f55195,جديدة-المكر,locality,9.0918,255.0,28.047161752493547,9.539693520942699,186.9251350964203,0.3253968253968254,1.0483413770916978,104,11.438842440232662,36.06
d0aa5cd1-6b86-47a3-a371-c16cef8be3c1,עין המפרץ,locality,0.7271,8.0,11.002793357701002,20.114833962180715,406.2571164783567,0.8260869565217391,4.108146293449406,8,11.002793357701002,20.01
1ae8a12f-816d-4a7e-89c3-934cb7c8f3f7,כפר מסריק,locality,0.508,26.0,51.184720651508385,33.17653229300927,237.3589718970444,0.675,1.0903665450223858,9,17.717787917829828,50.97
b5498b40-0bd5-4500-8849-5201a75b095d,אפק,locality,0.4752,11.0,23.147300136596716,17.53200899422372,148.77706949345156,0.8472222222222222,1.4091317853583225,6,12.6258000745073,30.23
583110aa-ddc0-4d8b-99ec-b8d90577bdd9,קרית ביאליק,locality,8.48,708.0,83.49068987053789,19.66456467876693,112.6724737468582,0.4636363636363636,1.2864418680828027,1077,127.00490535391145,61.6
8e47cdd9-d024-4631-8338-9f714fcd2bdb,קריית ביאליק,locality,2.4358,340.0,139.58293568648716,29.231219892722397,106.74995361038425,0.4024604569420035,1.0840825221290318,722,296.4084693107169,84.07
65c05662-f1ca-40ef-b92d-31c516078a0c,קריית מוצקין,locality,3.6928,549.0,148.66922506734474,29.784849034693735,85.79434141120238,0.5590361445783133,1.3140941905279535,823,222.8684375781871,79.88
6eea03bd-7aa8-455f-98d8-d31fa0ad8c76,קרית מוצקין,locality,3.8359,589.0,153.54951389552514,30.55943465965515,85.00567071015787,0.5493496557000765,1.2933679095521964,835,217.68055025936076,80.6
fd85e246-9cfd-4dcb-88b5-31dfe38f7060,קריית ים,locality,3.6595,493.0,134.7190175115018,29.515380668477693,99.82495898069416,0.49847405900305186,1.1982877988604947,408,111.4916006991739,78.69
62a6fb56-9c56-4008-8117-011373e190bf,קרית ים,locality,12.7297,616.0,48.39068677041048,14.874244585150375,123.51272120678749,0.6015523932729625,1.1983845238280797,427,33.54354423857999,45.04
1561d8c8-e85a-4c7f-a788-a4fb9c4005e9,רובע קריית חיים - קריית שמואל,locality,6.3267,438.0,69.23061642386548,24.230081897373882,148.54262580163567,0.5413612565445026,1.4473118959177496,493,77.92395866887142,58.29
7980a903-0f7e-40d5-8da0-033e79fcf8e3,רובע מפרץ חיפה,locality,29.8844,1020.0,34.13154756212686,20.07658701105915,224.1226277772315,0.6434813002446697,1.3016821716982507,1642,54.94509911471795,50.69
264d5c3c-d5c3-44fc-baf4-7e92597c7bbd,רובע העיר התחתית,locality,1.9999,399.0,199.51075394690633,78.3446986399727,147.95179553565566,0.6362807657247037,1.2050315129865088,1550,775.0417759842227,81.92
1af57236-9069-453c-8c32-dff8ee2f6797,רובע הכרמל,locality,7.7491,537.0,69.29826669220192,19.101294963845994,91.595337716387,0.7120643431635388,1.1866281035541695,1178,152.01742674751185,58.79
69c3faa6-e286-413f-81d1-7299df430c35,רובע הדר,locality,3.0838,391.0,126.79035839704234,30.13911640210114,99.08734808704412,0.5698569856985699,1.2227570421095868,1211,392.6934118128344,77.02
8a67f28f-c144-4c71-85b4-f45274e55ff3,חיפה,locality,83.1543,4979.0,59.87663723757677,20.654004467674312,125.09791925352623,0.6626465207669896,1.2897310433327756,8552,102.84494911744459,56.4
1d53c7a6-c2ab-43cd-b3c0-8e7c8c3c953f,רובע נווה שאנן - יזרעאליה,locality,3.2967,287.0,87.05630476075653,35.93692480902995,138.89082180847706,0.683920704845815,1.2921152051338003,455,138.0160929133945,68.03
05978cbc-3476-48d4-b3b5-2798a58b84df,קרית אתא,locality,24.1593,1100.0,45.531100050184925,17.718991752716445,187.50706522759864,0.45759368836291914,1.15352060369449,902,37.33550204115164,49.82
5b358dc3-4fa4-47c5-b7b1-06df06842398,כפר ביאליק,locality,0.535,8.0,14.95430929981967,37.3749726169857,327.7741321764966,0.9183673469387755,1.10286196182139,11,20.562175287252046,44.67
ff924f76-4848-4f1a-bf24-b54898a079bf,גילעם,locality,0.0687,1.0,14.554581339176629,7.1430210767912605,122.69368850831113,0.5,1.1519325671896443,1,14.554581339176629,26.22
5ed11d00-4805-458d-9b99-1964c7c85bbc,אושה,locality,0.2392,16.0,66.89236655254595,33.984963082662,112.90098418684056,0.8415841584158416,1.0567021717190717,4,16.723091638136488,54.22
ca3270fa-3426-4edd-84f4-de3d99c53699,רמת יוחנן,locality,0.6541,38.0,58.09517435521727,32.406981445508876,132.48360433945675,0.8137254901960784,1.196513999753266,10,15.288203777688755,49.79
39c09bfe-cf17-461b-b045-81b6a07596cc,כפר המכבי,locality,0.4083,23.0,56.332416448098705,25.887933281117206,100.66477713621556,0.8413793103448276,1.1315827428367162,5,12.24617748871711,46.45
ddaa3eab-e83a-4c7d-b6d3-cd6a9bb2aeb3,ראס עלי,locality,0.1286,8.0,62.22415944487536,16.857222794662853,120.40498556653766,0.5294117647058824,1.0640942836903315,1,7.77801993060942,40.83
53b00d38-ad64-465f-990e-28e1f2fbcb14,חוואלד,locality,0.1873,12.0,64.07418973436369,37.418023438298604,291.98982923876844,0.42857142857142855,1.0654007965793768,0,0.0,48.98
bf76f3fb-cafb-4971-8bb2-82039c0cc846,إبطن,locality,0.2814,22.0,78.17717344561072,61.365775773986286,411.1683291892987,0.40540540540540543,1.0584922069100113,5,17.767539419456984,59.7
3cfa7640-e138-4377-bad2-7903563f6988,מועצה אזורית זבולון,locality,54.1547,712.0,13.147517542572634,12.664237526356377,317.51301428860194,0.7061494015683037,1.854467232418952,181,3.3422762292214143,14.59
ff0d46d9-fc39-4f9c-b511-1209934f0360,רכסים,locality,3.8611,196.0,50.76290215438023,17.414029638049318,162.40842939222756,0.47593582887700536,1.3414248106241151,16,4.143910379949406,34.02
bdb3e941-140e-42c9-bb56-a2d38c461ec2,רכסים,locality,1.1603,123.0,106.01156643385237,27.003241800131452,112.29581250063717,0.5287356321839081,1.3742551719960783,16,13.790122462940147,54.11
c3849e9d-42bc-49ce-b3f2-b4554f3d8679,כפר חסידים,locality,0.9491,35.0,36.87802652575357,19.397972168927808,153.41769654221847,0.7784810126582279,1.070901556128868,13,13.69755270956561,39.72
42f6cb87-57a7-48f8-8962-aab2adc158ed,כפר הנוער הדתי,locality,0.0775,6.0,77.40903625320598,23.13209566297608,85.37982785114458,0.7857142857142857,1.1650975081911683,0,0.0,43.43
c091488d-d663-4c47-9c60-8deabdb45587,נופית,locality,0.55,46.0,83.64172300289263,27.612027941115365,130.9107093192634,0.5964912280701754,1.7625358550427082,6,10.90978995689904,43.06
e88fbdad-7d52-4b36-a3b5-add99897874d,חילף,locality,0.496,37.0,74.60014351776853,25.510447529361016,166.48171700154043,0.4714285714285714,1.1041189162407834,2,4.032440190149651,47.84
60f32762-176e-4dda-b53c-962000ac3616,بسمة طبعون,locality,3.9294,111.0,28.24855216338086,12.498038096389575,197.2283230965607,0.5450819672131147,1.3016263718365852,29,7.3802523670094144,27.41
d1b692a9-d843-4361-868f-29da2445115a,שער העמקים,locality,0.4341,33.0,76.01725068306754,39.94099157524584,133.3758719379228,0.8146067415730337,1.1964454372904203,17,39.16040186703479,62.92
5cd763f3-6bbe-48e9-a775-ae353168e700,אלונים,locality,0.3377,28.0,82.9148493940351,28.11945858444953,139.64447476195778,0.582089552238806,1.262400943672544,22,65.14738166674186,66.39
d63f3f5f-ac2c-482b-b130-54293d0811f8,שדה יעקב,locality,0.4208,32.0,76.04512971521613,19.333915893350774,135.59608417268348,0.37254901960784315,1.0989792689684015,6,14.258461821603024,51.14
ce2db19b-9bc0-4904-a808-3eb57afb6e6b,נווה עמיאל,locality,0.1679,8.0,47.63453495279129,23.429253663660873,87.44077496390916,0.8805970149253731,1.4048677800615093,1,5.9543168690989114,36.46
8ab621f4-53eb-46e0-a889-252d65eea4d2,בית זייד,locality,0.0428,3.0,70.03532260057376,32.789304566175375,127.68610576634451,0.7857142857142857,1.2067036616303337,0,0.0,45.91
19ccf35b-f0e7-4edd-bf3c-156385579bb4,כפר תקווה,locality,0.0991,9.0,90.86221451570064,33.323222706062396,97.07944183693213,0.7954545454545454,1.0979631664028555,5,50.47900806427813,71.7
933f8f92-53ea-40d1-aadd-1b9061927183,קריית טבעון,locality,9.2533,459.0,49.60371917246424,26.23122902850011,177.5614039247803,0.7032967032967034,1.2403316702052494,384,41.49853630114655,55.4
1591ba59-6225-468e-9fc2-c97b78165003,אורנים,locality,0.1302,5.0,38.40105335378249,25.758678974012838,197.28839158090454,0.7368421052631579,1.895805334847005,14,107.52294939059097,46.42
034c5764-1804-4a76-a18c-21b981c7a09a,عسفيا,locality,11.0661,207.0,18.705828171759702,13.170203421249376,228.07885788422215,0.734955185659411,1.2338601436416607,143,12.922383712858151,29.18
f8bcc8b4-4e3b-43ac-b9d5-72aee5b9567a,دالية الكرمل,locality,12.7262,410.0,32.216931196609465,12.613093190321736,145.659795897238,0.6801872074882995,1.1101337249337384,293,23.023319123430664,37.41
0082701d-c2c1-482d-b6dd-c0f36e2e5133,ניר עציון,locality,0.3154,29.0,91.93301056867693,28.867856337259393,101.18090076942262,0.7070707070707071,1.1525665855549208,1,3.170103812712998,51.61
bdd919e6-e3e2-48d7-a64f-25fa8d424b82,עין הוד,locality,0.2574,27.0,104.88314888547093,35.36210151123515,100.03563211281052,0.7631578947368421,1.0770536002356528,26,100.99858781563867,74.82
37af553e-efc9-44f1-aa37-eb0c218bfba2,ימין אורד,locality,0.1472,21.0,142.63517385111564,37.822785181793265,81.89120324708063,0.7307692307692307,1.181979748824643,1,6.792151135767411,63.51
37a218ca-7ee9-462e-911a-4183ecdcb6a7,גבעת וולפסון,locality,0.0143,0.0,0.0,200.5501226018588,1434.8066904898426,1.0,2.1040578634378346,0,0.0,20.0
e8db492f-e553-4d8a-9516-137cff765796,בית אורן,locality,0.1864,11.0,59.02250384283301,37.09856061421346,160.79171233943418,0.7962962962962963,1.363180343307918,7,37.559775172711916,56.38
db77e61e-6234-4cc7-b42a-2d296b947698,נשר,locality,12.9609,450.0,34.71980742820418,17.280212712392796,168.90432336801985,0.6919917864476386,1.4020437549579408,495,38.1917881710246,42.71
63843280-0db0-4f70-a1c6-34da4c667463,רובע רמות נווה שאנן,locality,3.6466,400.0,109.69077660995198,31.969138826874936,84.84652987409294,0.7455470737913485,1.2639070608020202,322,88.30107517101135,72.98
1ef4c75a-8100-4306-becc-e1cfd0eb078d,רובע רמות הכרמל,locality,11.0416,575.0,52.07591303852548,18.005685955941654,142.51691577284814,0.5845375722543352,1.1584520222923536,786,71.18550895353222,55.04
194bd153-c42a-4226-be0f-0dcccf7c3d15,טירת כרמל,locality,3.0944,353.0,114.0768032101492,25.36979048348534,87.91091184199753,0.6357069143446853,1.2193849762305307,480,155.11859926592524,71.44
9b9f9547-6bfe-47e3-981b-e72d9ee455e9,טירת הכרמל,locality,6.7094,434.0,64.68562501372847,32.8777802683474,197.48370489786893,0.6352941176470588,1.1977061533089353,516,76.90733296563108,64.97
5915cca7-477b-4c6f-901d-415f161e83e8,כפר גלים,locality,0.2989,16.0,53.52738189929898,26.12315548521901,86.76151094859401,0.875968992248062,2.0879612998612327,5,16.727306843530933,34.81
45d3b057-1f40-4b34-9b4e-82cd1f42ceb0,החותרים,locality,0.406,24.0,59.108678225486294,60.07684050677909,280.38051292383005,0.7575757575757576,1.228451923358332,9,22.16575433455736,52.26
72e01b1f-638c-4133-b5a0-a8ac559de849,מגדים,locality,0.7424,29.0,39.06174372435736,17.272746550427293,173.29101771755236,0.6133333333333333,1.187836877706654,15,20.20435020225381,39.59
060caae2-8532-490a-a780-9c513255518a,רובע מערב חיפה,locality,16.1255,944.0,58.54079673742931,24.15677183963498,121.1256784883884,0.7542306690965894,1.410806724520098,915,56.742403617317606,56.65
68ae9a95-29ca-4e72-aef7-12bb46d58580,جسر الزرقاء,locality,2.0723,151.0,72.86685928655984,25.357749115840456,178.12939017177095,0.39357429718875503,1.169746525228087,36,17.372231353087113,54.07
55dcff1e-937d-43d4-a744-73ab57a49446,בית חנניה,locality,0.406,25.0,61.57925564011958,21.98108604729377,146.29345108212303,0.6212121212121212,1.0687379951326275,12,29.5580427072574,52.76
9135dbc2-293b-4912-844e-dea7670d8b95,בנימינה,locality,2.8289,326.0,115.24076357090675,55.7087909816794,160.64462488667246,0.7179930795847751,1.1280358649557003,285,100.74729330585406,76.13
c067dbb2-15a5-416f-8fa4-12b5822ad95f,בנימינה - גבעת עדה,locality,24.4005,519.0,21.270074906165803,16.19974439098488,237.69182836651868,0.7364144235652615,1.2506373452086703,379,15.5324824459284,32.51
981fa9e4-4ee7-4cb7-a7c7-2c10c9ee079a,מעגן מיכאל,locality,0.5939,24.0,40.41346621322079,20.535498330006856,127.03376036629662,0.8153846153846154,1.414429010438987,21,35.36178293656819,44.7
3cd112aa-2a67-42a4-b733-049c17e7f29b,מעיין צבי,locality,0.1904,12.0,63.01070039995402,20.63018101671655,115.55561694480781,0.6842105263157895,1.1843718317972047,5,26.25445849998084,49.09
e61c8a31-fffd-4f3e-82d4-be43db3bd799,זכרון יעקב,locality,31.5241,597.0,18.93791436968982,10.504190805001235,212.67486804823488,0.6247642991829039,1.3005803663883464,596,18.906192570075603,28.84
a8ebb2e2-d40a-4682-b334-023d7de3fdcc,כפר הנוער מאיר שפיה,locality,0.1638,17.0,103.80079049045912,34.95860056681999,100.44479663974163,0.7671232876712328,1.2907740212766756,4,24.423715409519794,61.17
dae5e395-73d1-4ee6-b983-a46ff9622467,الفريديس,locality,4.0577,105.0,25.876620487883375,11.49529799177677,220.02200383235953,0.4587628865979381,1.176485980564604,81,19.961964376367174,34.41
5fe39524-bade-4e29-bb71-0bad60969efd,דור,locality,0.2208,4.0,18.1170354399727,37.757316390555594,80.93507097262706,0.9775280898876404,1.3213137001520785,7,31.704812019952225,46.49
6695d9e5-0364-4c36-b8bb-22c1dbe43b45,נווה ים,locality,0.2792,23.0,82.37160581331752,24.507227296542517,91.23956768920917,0.7444444444444445,2.3158474012468364,4,14.325496663185655,38.54
24e40434-d143-4f2f-bca5-96b52bb1b818,עין כרמל,locality,0.4423,42.0,94.95141404755299,49.17503726744923,182.7871199207889,0.7,1.1947598128368357,17,38.432715209723824,66.44
0366ab22-2b64-4096-bf71-2a942bbab9fe,עתלית,locality,2.4173,287.0,118.72887719588122,59.76956079862532,186.18465281562354,0.664327485380117,1.139848562305856,113,46.746909836705846,75.35
1fea2752-51b4-488b-886d-2d220480024e,גבע כרמל,locality,0.5686,34.0,59.79916585710449,28.910171694246607,200.45671522698902,0.6091954022988506,1.0444381947620862,8,14.070391966377528,51.19
3beac892-1125-4c18-bef7-dbe6818512da,צרופה,locality,0.5753,19.0,33.0274301789517,32.54315835739225,288.0216676959471,0.759493670886076,1.3473403764701528,8,13.906286391137558,41.96
be2adbdb-1869-42f7-9e61-2d09afcbbc15,הבונים,locality,0.265,35.0,132.0985181378572,25.01848964523837,81.83633428348921,0.5882352941176471,1.138118563310627,3,11.322730126102048,60.56
aa0aa123-aa0e-4245-9e6a-26d5a92c6c48,נחשולים,locality,0.4208,41.0,97.42435157045908,33.679628681809476,84.87253155633324,0.8144796380090498,1.128251444123694,20,47.52407393680931,71.57
c19f7790-6288-48d3-8e60-d5179810d674,עין איילה,locality,0.6767,26.0,38.42045189398416,27.761460120276922,237.80779837704378,0.7319587628865979,1.3512028280116504,9,13.29938719407144,41.24
9cd4455b-7cf0-44ad-a8b1-85e27e9ba35d,מועצה אזורית חוף הכרמל,locality,194.8813,2088.0,10.714212859754408,8.894148248969579,268.3963141529585,0.7180664326221983,1.3998499535208908,765,3.925465918444503,18.64
a60b3299-ce8a-499b-b650-24d15af5fd79,עופר,locality,0.5365,8.0,14.912576980102502,12.985825486749379,240.2198285902968,0.8,1.0702973189963711,11,20.50479334764094,33.79
e53db2b7-2ace-4132-a12e-01fada1e38d9,אליקים,locality,0.4263,9.0,21.113480611319044,15.904007969089088,282.4737000118813,0.6896551724137931,1.1848949227100458,5,11.729711450732802,31.74
8095bf78-c620-4e11-a911-47d1591f077d,כרם מהר״ל,locality,0.4866,36.0,73.98118515178936,28.37652925914975,181.68827428242605,0.5324675324675324,1.092627345696135,13,26.71542797147949,58.01
dd63c30e-fec3-4f53-873e-4a96515e0f74,عين حوض,locality,0.0703,7.0,99.56163854796245,67.18513750050101,248.61401881416222,0.6818181818181818,1.2466673871691925,3,42.669273663412476,68.28
076a8329-c40a-4fe0-81b8-2e2126f056a3,כפר יהושע,locality,1.3927,38.0,27.284294532540066,11.69509819313594,203.60327202575485,0.5128205128205128,1.0923876585252872,18,12.924139515413716,32.04
3a48f3a1-be68-4825-aad1-b3fae5479f77,יוקנעם המושבה,locality,0.8645,27.0,31.232849238409027,21.4685957711085,193.32346256770256,0.7567567567567568,1.2710558499124984,31,35.85993801446963,45.84
9d3e4c4a-261c-4440-8302-31b51a956d78,הזורע,locality,0.7099,55.0,77.48061913722512,25.888030586131336,106.22396714046684,0.725,1.3096203362237935,28,39.44467883349642,58.89
d4b002eb-4742-41da-a7b9-3bd4e37ea3af,יוקנעם עילית,locality,3.1539,367.0,116.36305332399253,35.10033599317362,99.5537084052511,0.7078025477707006,1.3213911050750355,234,74.19333645180996,73.45
c39c7d0c-0b51-4060-b496-a9178fd06a58,יקנעם עילית,locality,9.2215,554.0,60.07685987875952,25.51973802357891,144.72988283225192,0.6951018161805174,1.3788849310472926,294,31.88194369017202,51.1
7a3ddb72-8692-41bb-8d01-a4ad5eeea441,עין העמק,locality,0.3122,12.0,38.43808848630484,23.7957679558233,161.4958465705512,0.8125,1.2794957520710888,4,12.812696162101613,39.48
17d9fedc-9f10-4c49-ae3a-445f182c8fc6,רמת השופט,locality,0.3335,45.0,134.92041387769754,26.88549641891739,87.91292643722974,0.5454545454545454,1.1133402868159818,7,20.98761993653073,66.6
227dc386-bf77-4c61-9ae2-0619bb794cd8,משמר העמק,locality,0.7986,35.0,43.82866592049199,21.499640230297494,135.1877264987165,0.7916666666666666,1.107981467445322,9,11.270228379555084,40.99
57f6998e-590e-4094-8f7a-d43ffef778e0,מועצה אזורית מגידו,locality,172.7601,1293.0,7.484365447680157,8.776065956466057,369.7035739682238,0.7240717029449424,1.3313772501699102,282,1.6323210025102894,18.03
80e0589b-fe0c-428f-a9cc-df96e309ac28,דליה,locality,0.5544,39.0,70.35081166764529,28.094525450438443,179.0185119002099,0.5568181818181818,1.1661061071880472,17,30.66573841923,57.57
8759df63-aeb1-4226-a107-352b184f287d,עין השופט,locality,0.5778,47.0,81.33719067191532,28.981288680028275,118.77014045120009,0.6907894736842105,1.219687004430543,14,24.228099349081162,56.98
52d7e897-792f-4861-afb2-d9ea548ef16a,רמות מנשה,locality,0.6385,46.0,72.04246647536208,32.217410593007706,99.37783819037345,0.8385964912280702,1.0926418273724243,29,45.41807669098913,66.19
0059fed4-be06-4908-90c3-dd53070adde9,בת שלמה,locality,0.3898,21.0,53.87667546398113,36.47827685433828,218.7456695082592,0.6818181818181818,1.4288768986472837,16,41.04889559160467,55.76
70138ca0-255a-4a40-a5e5-90e8f3c3d3fc,עמיקם,locality,0.7733,16.0,20.691326711988594,17.41402374732376,313.1571422839659,0.6595744680851063,1.1771574638518463,8,10.345663355994297,32.23
8058bfba-c7db-4ed5-851a-e0eb12d0656d,"גבעת ניל""י",locality,0.5349,19.0,35.52357536705308,12.799467181148291,175.53519861252042,0.42424242424242425,1.1358190930943142,6,11.217971168543077,35.36
2a292ec1-7772-466f-b7b4-71d58790d869,מועצה אזורית אלונה,locality,27.5861,148.0,5.365030357262963,8.078795672361284,507.6584689116253,0.6740088105726872,1.2427099000264192,32,1.1600065637325325,18.28
75aff9ed-2174-4b3a-aed9-46960f5f17e6,אביאל,locality,0.5438,22.0,40.457271245778365,18.006559413820774,217.5926985054188,0.42105263157894735,1.0801005970540074,11,20.228635622889183,44.35
0cc2ed6a-cf3e-41a6-abd0-25e58f4d97d3,גבעת עדה,locality,1.106,96.0,86.7989192016256,39.68849397669377,130.6418307039752,0.7735849056603774,1.3007308222090475,57,51.536858275965194,67.85
7707f7da-7431-4126-9dc9-a8d9a0766e4f,רגבים,locality,0.3288,41.0,124.68526739184423,32.243084842580544,102.93618703935647,0.6339285714285714,1.2963734542554133,4,12.164416330911632,60.36
332b63ad-e825-4c1a-9d8f-1ffead290c30,מועאוויה,locality,0.6923,33.0,47.668583257027414,25.216372101630395,235.90251989561156,0.5074626865671642,1.046745214787763,5,7.222512614701123,43.53
90c3ac51-6ac6-4dc8-bd25-60eff83b10e3,גלעד,locality,0.3602,44.0,122.16455431743508,42.55300141559826,148.79914463578191,0.5887850467289719,1.126333016025574,3,8.32940143073421,60.87
86b90eab-c0a5-4eab-aeff-30e3059dc8fd,مشيرفة,locality,0.9727,31.0,31.871581882550267,22.77046775355574,330.5637478691822,0.515625,1.137899412321441,7,7.19680881218877,37.36
79c91ef1-c9ca-42f4-aaa9-5b65dc3f1b63,أم الفحم,locality,26.0781,501.0,19.211487118525408,9.052516620105372,232.355183197944,0.4675876726886291,1.1066586315446583,577,22.125804525726867,33.1
3a48326a-cd40-4cb9-a230-2112602907a8,عين إبراهيم,locality,0.6249,42.0,67.20582796669719,19.355318858458965,137.4548323902444,0.475,1.0481430808727874,10,16.00138761111838,47.77
030dda5f-7e6e-44fc-a5f7-72e2173a6149,מי עמי,locality,0.1716,14.0,81.5748394619608,35.18448926621952,128.4769450179914,0.7254901960784313,1.1038577432187027,1,5.826774247282915,52.09
03694eb9-83b3-48fb-9b22-5b0211755e9c,العريان,locality,0.0443,5.0,112.96663892620546,55.761629470351515,224.36885309434882,0.5833333333333334,1.1175117544498336,1,22.593327785241094,64.87
7fb64abb-32d5-4dbc-aaf0-c784786d0cb2,البيار,locality,0.1867,5.0,26.78325499588799,11.861488203411046,184.52898096889473,0.5833333333333334,1.1264052565795917,0,0.0,26.37
e38d63fe-ef6c-4d76-9326-605cb72f5110,עארה,locality,1.6518,68.0,41.16727925453371,13.37583763153661,152.37360172932623,0.5277777777777778,1.0560301755563235,12,7.264813986094184,34.22
8fd754b7-923a-4649-852e-f7488fb9753f,عرعرة,locality,10.7396,250.0,23.278341279320202,9.267919054289745,188.15446883198908,0.5069033530571992,1.0899879033943591,141,13.128984481536595,29.74
67ec9ef0-33aa-4df8-87c6-85e36b1cb335,بسمة,locality,5.6108,156.0,27.803574567610788,13.525328179893753,213.16788559013895,0.5580736543909348,1.1147691705329164,81,14.436471410105602,33.63
6546ca74-1c9a-420f-a955-c11eaa930eb1,קציר,locality,0.8222,81.0,98.51076187989023,29.713213905121016,119.17827891239571,0.6124401913875598,1.2696470942584221,43,52.29583655352197,70.47
18629940-0c8b-4286-9891-2c1fb6aaa0d6,عين السهلة‎,locality,0.0234,1.0,42.79372310144568,35.95215760738119,210.03172312300302,0.8333333333333334,1.0229708396658557,0,0.0,43.21
0d4fead2-ba95-4219-b1e0-f519507eb59a,חריש,locality,9.0313,466.0,51.5983463683942,23.101565343154363,138.90619301933086,0.7560209424083769,1.3033107239782227,410,45.39768671897344,54.33
c61b25d6-a187-4031-aa76-0537b9a6db7e,أم القطف,locality,0.3845,24.0,62.416068852806326,29.28321046079974,187.66456137990573,0.5789473684210527,1.3637636823280779,2,5.201339071067194,43.63
7883d7f8-4661-4a12-bbcc-aa8f739101aa,ברקאי,locality,0.3577,17.0,47.52368482545567,27.365666677959176,150.6022604984137,0.7792207792207793,1.077226203490611,11,30.750619592941902,53.89
6334db3d-6d9a-4541-9f75-4a28999b7782,מענית,locality,0.4517,42.0,92.98542472288486,30.442894023056468,112.70949825252752,0.6865671641791045,1.3348044437050883,12,26.567264206538532,59.2
602085b4-e4bf-4b77-8944-802c3323e326,מועצה אזורית מנשה,locality,109.6635,1322.0,12.055054508386526,9.999833904935642,296.7840933719852,0.670570645402442,1.2647114491665097,428,3.902846694091856,21.67
257029dc-97af-4473-8818-b61f5da46818,מצר,locality,0.3182,22.0,69.1364338469103,25.180683862443793,116.12724859337347,0.7411764705882353,1.1044239439038834,8,25.14052139887647,54.1
c0cc1fd8-88ae-4dd3-b969-91cf0c048e8e,ميسر,locality,0.3504,31.0,88.47469802479863,21.058194593276653,125.05807165546565,0.3541666666666667,1.0554972871535977,4,11.416090067715952,54.84
479d275c-2bdf-4e30-bec0-f424fd403826,גן השומרון,locality,0.5658,30.0,53.023421710186476,21.908872372039145,182.29074389983074,0.53125,1.040799906028927,50,88.37236951697746,59.6
ce55a5e2-a46d-4c62-86e9-5c8f0c8e89a5,גבעת חביבה,locality,0.1296,2.0,15.430990079365934,13.785148833374953,198.5204054737187,0.8181818181818182,1.1407701788597628,11,84.87044543651264,45.16
64c412e9-2932-4ae9-bf54-29caab9b0451,עין שמר,locality,0.6569,47.0,71.54316221311795,20.64760947519633,106.80603240715064,0.6713286713286714,1.1144132052204794,34,51.75462798395767,61.36
8652a36e-c3f8-4332-a3a1-bc0ca6d1c5ba,כפר פינס,locality,0.3332,20.0,60.019292781643216,25.410455266727542,114.4247173590412,0.7894736842105263,1.080731045263115,7,21.006752473575126,51.14
08dca8c5-0f9a-4ab3-9156-ee6b3b05276a,משמרות,locality,0.4467,76.0,170.13644883170036,21.07802559558401,62.77040012157222,0.43703703703703706,1.1823157552684527,29,64.92048705420146,78.21
ea7ada26-586e-4fe4-8654-3a8a13b751ac,עין עירון,locality,0.4185,14.0,33.45447415540803,28.379019682220257,339.31508892221154,0.5625,1.0526813542277071,15,35.844079452222886,54.16
bfd50f81-130b-4a94-b6cf-992dd2a85de3,كفر قرع,locality,9.0244,242.0,26.816319923689324,14.690241115333498,239.29594929325282,0.578397212543554,1.0714069089828249,264,29.254167189479265,40.79
4e8b90d2-78d5-4511-a4d6-1a00393e125c,אלוני יצחק,locality,0.1805,6.0,33.242500547621084,43.05521438755865,61.189879919566394,0.97,1.1321751412273948,3,16.621250273810542,46.31
f9e727fc-d63e-4e05-9c24-702e230cc894,כפר גליקסון,locality,0.2849,18.0,63.18676872713379,21.94135626234359,107.76601752892711,0.7096774193548387,1.1645722054011105,6,21.062256242377927,48.22
d9741594-0b79-4a1b-aef9-3c3e37122842,שדות ים,locality,0.5838,39.0,66.80387199591149,22.349028818495654,114.45025799915848,0.6694915254237288,1.3191534248302823,30,51.38759384300884,58.47
72c5a67b-7792-4941-a339-bdfb88709422,קיסריה,locality,2.9944,255.0,85.15777470386828,25.039393778359663,111.08001085497763,0.6130500758725341,1.7447455180041993,118,39.40634280414297,53.32
41c2ea23-d24a-4f04-8ad7-423e4eb337ed,אור עקיבא,locality,5.5446,588.0,106.04902027528779,25.25968106283368,94.50402905119114,0.6141732283464567,1.1582672868366546,351,63.3047723071871,70.68
e49bfe52-ac0b-4a63-b41d-afd5a5c67f46,חדרה,locality,42.2181,234.0,5.5426409289073915,12.186543010554116,584.6513629198375,0.7804878048780488,1.3697575174792815,124,2.937125962326994,19.86
71c076c6-4ac7-4eab-b04e-1e1623a83188,חדרה,locality,14.0596,1518.0,107.96919746544063,30.662857803966443,131.07523765512065,0.4833219877467665,1.150817107031233,1943,138.19772771762263,74.83
afe204ca-915f-4046-a214-8b58b8545ae5,פרדס חנה-כרכור,locality,9.6972,885.0,91.26371355167316,19.500407878408847,102.99500257192626,0.4506517690875233,1.126885521254399,955,98.48231236366992,65.83
bfe94f59-5b52-4639-b30e-d246de93f82c,פרדס חנה - כרכור,locality,22.8377,1003.0,43.91864781241138,16.42565799205823,170.89927642236313,0.5024801587301587,1.1982932078096311,973,42.60502923377494,48.8
11078b23-a145-44c0-8f31-229414a4c1d1,תלמי אלעזר,locality,0.5393,36.0,66.75838237765869,24.887680501745606,134.20883882331486,0.6363636363636364,1.545191243784823,7,12.980796573433635,41.96
a94c63f4-a225-491e-9d9f-f98e9ec93a73,גן שמואל,locality,0.6961,12.0,17.239430254564148,16.905679486456,250.37623836361198,0.7931034482758621,1.7505200386405684,23,33.04224132124795,31.68
70153b71-a079-4b35-ba70-8290f3453d70,אליכין,locality,1.6891,121.0,71.63517300548834,18.53346649058877,94.29260404777152,0.6638888888888889,1.1085001080771313,31,18.352812918761476,47.4
252829ba-09db-406d-bfe0-e260bf152a79,חרב לאת,locality,0.261,10.0,38.320320073778866,19.738571101600467,135.55108115511155,0.7916666666666666,1.3031623030244746,5,19.160160036889433,38.94
5b800d31-8ccc-4be1-bc50-813124f3568a,גבעת חיים (איחוד),locality,0.6403,57.0,89.0226387664847,20.200222796945447,110.54642189321696,0.45714285714285713,1.0779175740419145,27,42.1686183630717,63.26
45237192-256a-4e91-8e74-dc05b6562617,גבעת חיים (מאוחד),locality,0.6328,34.0,53.72934636046176,15.459215709558826,115.08954980278652,0.6263736263736264,1.0797014394573963,3,4.740824678864273,36.75
71440264-c924-4ea3-8b8b-3c7f1f4414a3,כפר הרא״ה,locality,0.5434,61.0,112.25201820909399,27.210296292915643,99.9096028034942,0.5673758865248227,1.2269427661149628,15,27.602955297318193,63.23
d2ab5e2c-ce9c-4b53-a146-b983dada53d2,גאולי תימן,locality,0.1992,21.0,105.42143810350147,21.527798817363845,102.10351520830193,0.43243243243243246,1.0357661561436937,1,5.020068481119118,53.93
dd33cb06-0436-4b4d-aeb4-484650e24156,Abu Issa Arab Village,locality,0.0368,2.0,54.371379772704,53.728277100760884,247.04300923283733,0.7777777777777778,1.0309313773696265,0,0.0,45.41
dafd8854-e56f-4bee-b83f-9363aa08b9d6,חיבת ציון,locality,0.4827,22.0,45.57588115011343,20.84176721438172,127.34885849669693,0.7441860465116279,1.1393902680594878,9,18.644678652319133,43.38
d7242fa7-9886-4adc-b7ae-b1679cf35980,מכמורת,locality,0.7257,60.0,82.68147310372842,25.19038240834129,100.99485041605264,0.7345132743362832,1.1810798471316653,25,34.45061379322017,59.39
6926edd7-0293-471f-9b81-5d2cdb617cbe,חופית,locality,0.3106,19.0,61.16360326111009,18.381047512839615,154.32243666354896,0.40625,1.084165371746857,12,38.62964416491164,56.49
1c42ed12-72ba-4be7-9124-a9692a865863,כפר ויתקין,locality,1.3009,51.0,39.203478792616565,18.194351199753207,161.0144334342551,0.7052023121387283,1.0846434651235382,105,80.7130445730341,53.7
00d2e8cf-e779-4e5c-97db-25b70f74aa4b,בית חרות,locality,0.0807,9.0,111.51750435358426,23.073502478814536,84.64285638101443,0.5714285714285714,1.0781666550476094,1,12.390833817064918,56.47
512b770a-1b3c-4348-b6b4-367ef1e6dfad,בית ינאי,locality,0.5291,15.0,28.349790946372224,23.39903208929885,130.32138477100816,0.8913043478260869,1.4845071571449064,12,22.67983275709778,38.07
c04359d3-af0b-4dbc-bc1a-b0b8422d05ed,שושנת העמקים,locality,0.0511,2.0,39.11180353349959,15.280135939430933,156.27135093725215,0.6666666666666666,1.021301554244753,3,58.66770530024938,52.69
c91fd166-ba93-41c0-8c98-9c88ca1e533c,צוקי ים,locality,0.0419,5.0,119.41178550233113,64.0943905275679,149.09748894443337,0.7727272727272727,1.0505573165553124,0,0.0,58.12
15cb8fc1-3a23-477e-a812-dc1730f517dc,חבצלת השרון,locality,0.2581,19.0,73.62417253247553,19.421676936905587,108.9587389541105,0.5681818181818182,1.1721588026564396,6,23.249738694465957,49.39
f604be7d-19a6-4320-a92e-9de16b0393e9,ביתן אהרן,locality,0.1641,6.0,36.551991838673295,16.585001256341585,194.45883312353135,0.5384615384615384,1.0908385688906257,6,36.551991838673295,46.63
b65cb986-c48b-4ab5-84db-d83f14411ef6,גבעת שפירא,locality,0.1408,12.0,85.22496013524984,21.019950806832096,98.65631276787443,0.6363636363636364,1.0510032883961933,5,35.5104000563541,59.5
1f42f933-775a-4b65-acde-afb0ea0ddbd9,בת חן,locality,0.1562,27.0,172.80964964284783,29.86154336530762,69.63590462924086,0.55,1.302562540865452,5,32.00178697089775,73.17
635ca8b2-2f4f-46c7-99f6-68402506c83b,אביחיל,locality,0.7311,33.0,45.13688468855119,17.24830680487371,153.78535339408657,0.611764705882353,1.0759807443999172,19,25.987903305529475,44.78
4216a381-6083-4419-af24-bc45d5ba9f05,כפר ידידיה,locality,0.2605,22.0,84.46706535120536,28.036361717406347,146.04507809484062,0.5416666666666666,1.1296751288004214,6,23.036472368510555,57.85
f8ee86a8-e5dc-4adc-a185-61436d744714,כפר חיים,locality,0.2794,12.0,42.9559104484356,15.331578446529203,125.96975078818747,0.6470588235294118,1.2081931556480632,9,32.2169328363267,43.58
d2d45c67-6d27-4e66-86d2-4ee47d245015,הדר עם,locality,0.3853,39.0,101.23037711000894,21.99731779633122,107.27447311598901,0.43478260869565216,1.1393654130202595,15,38.934760426926516,65.35
6e29d00c-7429-4fe5-8481-4e6de906e42c,כפר מונש,locality,0.9237,51.0,55.21277295759642,18.206119861825595,134.53584208367226,0.592,1.214028270908305,40,43.3041356530168,52.29
01d0c7fc-877c-4263-b7f6-b7b94bc9e31e,בית הלוי,locality,0.4757,15.0,31.534284881157486,22.697963442586747,220.34291191571356,0.7692307692307693,1.0545483531773157,10,21.022856587438326,44.03
e0b4b086-f70c-41f9-9b95-2ebd3ce44f0f,העוגן,locality,0.3982,25.0,62.784324727860735,23.718641890017047,185.186115970839,0.4318181818181818,1.0608027726499887,14,35.15922184760201,58.57
7a59a7e3-6eca-47d3-99d6-aebfcfdd1d14,מעברות,locality,0.31,12.0,38.715395905599806,31.305149543656388,202.14922779033498,0.8032786885245902,2.022902841178361,8,25.810263937066534,38.07
9f3ef385-ce9a-402a-a621-d3f069f8dc36,משמר השרון,locality,0.4031,41.0,101.71264656553767,39.65605160134244,131.02631958642644,0.6846153846153846,1.2433439957649475,39,96.75105405014558,71.69
6d78e832-81bc-4b83-954f-080a9eef2159,אלישיב,locality,0.2997,25.0,83.42848195458163,26.089023972173038,137.15405225747028,0.5370370370370371,1.033299358215131,6,20.02283566909959,56.59
2981a8b0-ab16-48d8-b290-d04281c4ffdf,חגלה,locality,0.3368,34.0,100.94805416808569,19.979715025678694,98.9603771480877,0.423728813559322,1.0857554061006793,6,17.814362500250414,56.64
edb1e018-cf16-4285-949b-234afe72daf8,עין החורש,locality,0.5467,19.0,34.753609646875375,25.2337650302898,174.62589523284086,0.8155339805825242,1.4370788131919587,8,14.633098798684367,38.07
3122f0aa-f9cc-4f16-9427-10a439d48989,מועצה אזורית עמק חפר,locality,130.0133,1889.0,14.529281512012071,9.558623578451032,244.53921739117249,0.6494711449248469,1.2480844828730178,923,7.099273073365347,23.4
656ec1e5-5941-415e-b0ea-4977b5decfe0,גן יאשיה,locality,0.5549,22.0,39.64965295701668,13.257607000878176,126.8295459872821,0.639344262295082,1.2053563388882766,14,25.23159733628334,38.78
61eaa53f-9c67-46be-84a0-02dbd39464f6,בחן,locality,0.4031,47.0,116.60021693694537,29.305680598616036,127.01861206562192,0.4125,1.1063544647715515,17,42.174546551661095,75.76
19bcfbb5-c1a9-4392-85b8-99198fe05cff,Rustum,locality,0.0036,,,,,,,0,0.0,0.0
ef0212f6-2c21-4901-8dd1-fb3606947367,מרג'ה,locality,0.3691,15.0,40.63754508423373,18.422657918148825,183.78681798989527,0.6153846153846154,1.105671680535955,4,10.836678689128993,38.16
4674def0-cee8-4cf1-8d9e-fd2c5042382d,زيمر‎,locality,8.3175,138.0,16.59152180060557,11.262645486056954,291.8288649771404,0.5929203539823009,1.1265680595577736,54,6.492334617628266,26.53
663373c1-f35e-452d-b23b-2ef185289361,ביר א-סיכה,locality,0.5174,42.0,81.17800167077814,25.587724565844542,137.90225513258412,0.5625,1.1121294998169262,23,44.454619962568984,64.39
1164540e-dcc2-4628-9b83-41151868244f,ימה,locality,0.2945,13.0,44.14368952307598,23.9324476454652,180.71626170527037,0.723404255319149,1.1272229777163951,4,13.582673699407993,43.31
504433a8-1bb1-4fa4-8936-e4e45febb68a,איבתאן,locality,0.4407,19.0,43.113445893552914,14.520300864746552,136.1503062109555,0.6274509803921569,1.0659118334187665,8,18.15302984991702,39.58
f41421d7-84ae-4fbe-8bb2-9619f2debd55,מגל,locality,0.5353,71.0,132.6348138841093,31.958869608352817,82.6460079671728,0.7182539682539683,1.0902683221722949,15,28.021439552980837,71.38
63675566-d607-4b49-ade1-70ad68a5458b,אומץ,locality,0.4887,18.0,36.8325797649273,15.74823660114826,148.0024669577744,0.6666666666666666,1.7218211205323355,4,8.185017725539401,25.31
0723c95a-e3d1-4908-9fd4-0808d5ab1e7e,המעפיל,locality,0.4023,25.0,62.142568520051164,19.998691254184532,148.9905161456487,0.5,1.082098696085382,5,12.428513704010232,44.5
f68154e0-579b-4363-b4c3-8cf3d3f9148e,אחיטוב,locality,0.4855,17.0,35.0177978654095,23.48150679562568,203.562616654405,0.7258064516129032,1.6460384064903517,13,26.77831601472491,38.68
ddef062e-1b19-4c9b-9f84-bf83bf4bc8f1,להבות חביבה,locality,0.3338,34.0,101.86463414925066,30.55460367481777,91.87749870650637,0.7384615384615385,1.0988189522542708,6,17.976111908691294,61.08
9ce148d1-67a2-47ab-bb26-ab248424a44c,שדה יצחק,locality,0.3486,7.0,20.081059470554205,9.091243589149649,176.06061190082556,0.65,1.1758249613195118,10,28.68722781507744,33.91
37f2b0aa-f686-4171-8f56-6d2c7eb45695,מאור,locality,0.5564,53.0,95.2592501757656,18.905593208679143,97.39468658688457,0.4421052631578947,1.0346069269640217,3,5.392033028816921,50.03
7f2fc2e0-4a34-438d-a9fb-f9090f60eb9d,باقة الغربية,locality,9.7077,445.0,45.83969663849758,16.020723272609466,178.15013315473948,0.4309462915601023,1.0613182382035793,568,58.509994810486795,56.0
59501d5c-62eb-48ac-8216-a606a13765a7,جت,locality,7.4676,252.0,33.74580407487403,15.857981161104577,237.31659693737885,0.4084507042253521,1.0497334928824884,110,14.730311302524377,40.21
afc3cfdc-4046-453e-bc32-1a6ddce8c86a,المقيبلة,locality,0.5541,102.0,184.07491952837586,28.77924359288456,91.65067742479866,0.23308270676691728,1.0309847778282462,7,12.632592516653245,76.78
62f85798-1566-4539-bd83-96a7d4fc9155,מלכישוע,locality,0.074,8.0,108.07486743755742,41.07241497777812,80.00772437536334,0.84,1.1435961256391494,1,13.509358429694677,59.86
cda25e69-f7ef-45fc-8c32-87f402ec963a,מעלה גלבוע,locality,0.4192,15.0,35.78135007423473,30.031626795082936,146.3911906659622,0.8770491803278688,1.245393054605353,5,11.927116691411578,43.25
d6b6c2c9-dbc2-4c38-95b7-d6e64e170dcb,חפציבה,locality,0.4484,66.0,147.19928718491965,36.906264093510565,99.08817795008356,0.639344262295082,1.0863172791385844,11,24.53321453081994,72.96
4cc98693-3661-4388-92f9-55949b116603,בית אלפא,locality,0.6549,93.0,142.00646707783423,36.75121807882017,88.48663083444534,0.7129629629629629,1.156535654415929,11,16.796463847915877,67.77
5b9c0c1b-244e-440f-89b3-1a3321d371cb,ניר דוד,locality,0.5914,56.0,94.68361876540162,31.12679618505864,94.89555517671172,0.7704918032786885,1.1229758354896127,22,37.19713594355064,66.97
aa75305a-8762-44da-bef9-993914debb2a,בית שאן,locality,10.971,742.0,67.63289932747782,23.29382416604563,133.3105683100695,0.6295556665002496,1.3327239091800023,338,30.808517483406337,51.39
30d6f58a-9523-4518-a680-dc45bf1636c8,מסילות,locality,0.5054,22.0,43.525923296413374,17.68783139957647,178.80484149212643,0.5686274509803921,1.294597221102801,8,15.827608471423046,37.41
ca9d3cdd-61a4-43da-8af5-58a53f999a80,רשפים,locality,0.4466,28.0,62.69182166904684,28.0465793139902,122.80805985823618,0.78125,1.0914890507134074,7,15.67295541726171,51.13
b73bd023-4377-4d99-9694-0925b6d43319,עין הנציב,locality,0.5384,10.0,18.57461916827483,33.899619094202535,196.24199557941736,0.9305555555555556,1.3844712718683783,6,11.144771500964898,37.41
4c088f15-7627-48d0-a13c-5d59bf661556,שלוחות,locality,0.4062,21.0,51.70108186754733,33.01661478017116,163.54540778344114,0.8108108108108109,1.1209439472082845,1,2.461956279407016,44.51
49ac2e85-da46-4fa2-910d-cd8dda6dd7de,מירב,locality,0.1864,11.0,59.02105201115553,45.96379202725093,171.32927830706805,0.8382352941176471,1.2978590265903176,2,10.731100365664641,46.63
df978e6b-9ad9-42c2-9cac-47ae4ac5687a,שדי תרומות,locality,0.372,15.0,40.32239704663729,20.068960358716406,143.57090858718556,0.7619047619047619,1.0543626195543794,0,0.0,35.63
3b60228d-cd85-47dd-a3c4-4fcac69e0a54,רוויה,locality,0.3426,7.0,20.430970031349784,28.452496759772735,211.91983352468642,0.9102564102564102,1.1206271778294867,5,14.593550022392703,42.08
74edb9aa-4b32-4c02-a8bc-7ef6c986c41e,רחוב,locality,0.3484,20.0,57.40247718455582,49.36580789861648,245.71268060634642,0.7752808988764045,1.0477963690197176,10,28.70123859227791,57.24
1a73a05b-4412-479e-9f58-3d1c718ef37b,תל תאומים,locality,0.3671,13.0,35.40896159816875,21.466923955047758,133.5820080566757,0.8354430379746836,1.4149390874527832,4,10.895065107128847,34.53
2c116e26-7a9d-43e0-ac2e-c7e5df3cc02b,כפר רופין,locality,0.4667,20.0,42.85292962439839,42.74308256428242,131.24166446458557,0.9163179916317992,1.1358269441073228,7,14.998525368539436,47.53
8a15aa12-cdba-4515-b450-78f6fc2a6168,שדה אליהו,locality,0.7193,14.0,19.46276817825024,20.391373757556394,209.5423792833732,0.8541666666666666,2.4260173796331594,8,11.121581816142996,21.94
3f03a61c-064d-449f-9d7f-6f849859125d,נווה איתן,locality,0.3695,20.0,54.12890095449334,25.88623890545306,144.91915929401648,0.75,1.160563494456387,4,10.825780190898667,45.01
c10b1841-6b79-4bb3-a974-0df24b002e3d,מעוז חיים,locality,0.389,13.0,33.414887936116294,13.497409700974105,210.04568556162846,0.4090909090909091,1.1095931133680705,6,15.422255970515211,37.93
03efae60-997e-4611-8ada-16895608acb6,חמדיה,locality,0.3255,34.0,104.44455633249717,36.962236159707956,109.38522387195297,0.7536231884057971,1.1882149906354806,1,3.0718987156616815,54.29
72bcd7b9-4fb9-4000-9617-570a64de440b,בית יוסף,locality,0.36,16.0,44.447930742805994,32.07184880386027,199.05103384400226,0.7837837837837838,1.0552136635890357,3,8.333987014276124,46.39
c6fb3c6d-6b2a-44bc-a9be-e67a1e342dbb,נווה אור,locality,0.3277,14.0,42.71989090772469,33.473578942922174,148.2409979264869,0.8679245283018868,1.09736190606986,1,3.0514207791231924,43.3
0103ce56-3c66-4a98-99a8-c8d16fac226f,ירדנה,locality,0.387,7.0,18.086876432363024,23.95201301305609,201.52023258937365,0.8955223880597015,1.0909476895459895,5,12.919197451687873,38.39
ca1f201d-9adf-4a2d-aa95-f1421cf96041,שער הגולן,locality,0.4482,24.0,53.54960502990404,32.86193015691634,131.5012906733794,0.8461538461538461,1.4359617235547317,5,11.156167714563344,43.63
13fbda1b-d98e-4dfc-9c8f-b0d92b7cfeda,מסדה,locality,0.2647,15.0,56.673183425103,29.08340264984762,126.19118879669313,0.8235294117647058,1.1433661871928267,3,11.3346366850206,48.11
83458d97-cfcc-411a-b323-4271ef82db40,גשר,locality,0.3031,15.0,49.49457787922249,35.4951850957392,132.80611143258724,0.8672566371681416,1.0998031858234498,8,26.397108202251996,53.96
66122620-f5b6-4b89-8c1b-67c05a32bd9b,אשדות יעקב איחוד,locality,0.4599,23.0,50.01565199644169,35.66554504343427,141.38807368040614,0.8597560975609756,1.5403407227861994,10,21.74593565062682,45.6
f40f1606-b2eb-4f01-a9de-1199b83a3e17,אשדות יעקב מאוחד,locality,0.4426,42.0,94.89485364570723,36.13165983583476,112.61758203904489,0.7679558011049724,1.3466821253976515,18,40.669222991017385,65.05
2b543ebe-4957-48d3-a854-dc668fab8428,מנחמיה,locality,0.5983,33.0,55.15538336711929,30.010408272704133,144.80256366136283,0.773972602739726,1.086306641908036,21,35.09888032453046,58.78
365a958f-2a8b-42e4-869f-879354aada02,אפיקים,locality,0.5719,31.0,54.20590215097808,32.701280738600985,119.11877722829446,0.8571428571428571,1.2593885335040904,33,57.70305712846054,61.95
a4ace070-77a0-4ca5-93f9-701a9b1ecbbd,בית זרע,locality,0.4674,19.0,40.653347995203404,36.32641676153036,146.35981615163783,0.8901734104046243,1.1994888744471042,7,14.977549261390728,46.13
5c11c963-a8a8-4359-bb18-dcbe17e32923,כפר קיש,locality,0.4897,19.0,38.802262609897966,15.73959343212304,183.5019864304642,0.5128205128205128,1.0805093354104196,14,28.59114087045113,43.48
55e80b12-3912-4b56-9b24-3629e1f1544a,כפר תבור,locality,12.3848,437.0,35.28522856160795,10.365184741659567,138.3303809227072,0.483451536643026,1.2416440719511437,123,9.931540304525809,29.81
23782185-bffe-42f3-80a6-aee5aba1e872,أم الغنم,locality,0.2659,21.0,78.97933873987289,27.716893183094882,171.38858531739393,0.4473684210526316,1.1267894873011346,8,30.087367138999195,60.99
9b6f210c-acef-4294-9b44-644e87a197b9,الشبلي-أم الغنم‎,locality,3.275,69.0,21.068935757983564,14.81864211951665,297.7332218517775,0.5792682926829268,1.3079570774412996,24,7.328325481037762,27.4
1d47a6ae-53dc-49e9-8382-3b0e0ea4c802,الشبلي,locality,0.8097,41.0,50.63422225806673,21.826016978014913,200.83136019282412,0.5340909090909091,1.0877651976026554,9,11.11482927616099,42.81
fd282fef-6334-43a0-9b3c-1d305f1ebae9,دبورية,locality,5.6313,170.0,30.188217312587227,10.794362298314569,179.8422568670419,0.4426229508196721,1.1218962714478073,91,16.159575149679043,34.59
e5c1c26b-31da-4532-9e64-0d2fd5ccc1ae,עין דור,locality,0.5788,36.0,62.19386979450346,22.179140030026407,160.47583220804736,0.5662650602409639,1.081237701699105,12,20.731289931501156,49.3
c61f7991-94cc-4b27-8b19-40acdff68f62,طمرة‎,locality,0.2419,34.0,140.56270533356906,23.776385752238298,94.28113737073076,0.24444444444444444,1.04528866311384,12,49.61036658831849,85.79
7ba0affe-a4c3-4712-841a-4f9d974dfae3,דברת,locality,0.3173,20.0,63.02588825820836,20.902762144140176,132.66143625619014,0.6226415094339622,1.0997932450926675,7,22.059060890372926,48.87
54e9246f-b604-4e19-9e59-8d9c6acb3a8a,אחוזת ברק,locality,0.4225,49.0,115.9800521483189,22.342072066001922,82.80019838527083,0.51,1.527048033343332,9,21.302458557854493,53.71
47085ee9-89d0-4455-8a65-bfb4d7bd1311,نين,locality,0.3878,29.0,74.78895308535195,26.830669043488395,167.80324567996172,0.48214285714285715,1.078963513198875,9,23.210364750626464,56.48
3613eb31-d1d7-482b-8df3-6c64654e51bc,الدحي,locality,0.1679,20.0,119.13716176352395,21.94010735945254,99.54507322522919,0.3548387096774194,1.0705484340391114,1,5.956858088176197,59.13
57f6afc3-67e3-4463-bc3e-b8e56c0b7a9f,الناعورة,locality,0.5555,64.0,115.21750625407968,19.73849099110417,91.36801808607801,0.3469387755102041,1.0379990372973658,8,14.40218828175996,60.99
b18c8d1f-dfdc-4691-95da-1f88110eab85,مجلس إقليمي بستان المرج,locality,9.0035,158.0,17.548771866990645,9.953973289775849,253.88212481439956,0.5123456790123457,1.2042495235887412,39,4.331658878560982,23.81
2489b421-9c9f-48a7-be78-fe0a8ee3bf9d,كفر مصر,locality,0.2719,17.0,62.51944986433562,18.296789415605573,130.92574885022066,0.575,1.0351778307691852,11,40.453761676923044,55.36
c5b24dd9-07fb-41fd-9229-181e4f6529c8,גזית,locality,0.541,24.0,44.362714582754805,21.59622967925399,177.02195419466983,0.68,1.0964169745892287,3,5.545339322844351,39.04
9d48abd2-ed3c-47f6-99cb-3722e6a997be,الطيبة الزعبية,locality,0.4042,43.0,106.39138090322623,25.38861906481943,126.68233809768567,0.36764705882352944,1.1511652470508469,2,4.94843632108029,56.89
6445cdcb-981f-41ce-8e44-e3044600233e,מולדת,locality,0.6974,40.0,57.35921465346575,27.525011364559386,164.0583880450196,0.7058823529411765,1.1953604079969467,12,17.207764396039725,48.77
504b7e89-378e-4f97-aa54-5edfcfd8642e,מועצה אזורית עמק המעיינות,locality,245.7959,1082.0,4.402026743718004,5.621008079237437,339.7149200272835,0.7894941634241245,1.4906971365715551,286,1.1635671429790657,12.73
0b85c944-15a1-476b-821f-387a36686440,שדה נחום,locality,0.5141,37.0,71.97410898833367,27.41489620685514,108.40983428318188,0.7730061349693251,1.1956949683987879,5,9.726230944369414,48.63
6bd25699-af29-4ce6-8e3c-8c8d2fbd49d8,בית השיטה,locality,0.7958,53.0,66.60086830941586,24.088657002513397,163.84104311502765,0.5546218487394958,1.1084482047380466,22,27.64564344919149,53.81
c317067e-bbd3-424b-a18c-b185adc44c8c,תל יוסף,locality,0.3763,11.0,29.22869143241243,33.99127584180722,131.88003214167898,0.9290322580645162,1.1417074456625562,6,15.942922599497688,45.1
190ee477-4a0f-48c5-b21c-e0722fcb23fd,עין חרוד,locality,1.137,112.0,98.50313608375878,31.95778492745023,89.49908622345902,0.7846153846153846,1.238661577533668,17,14.951368869856243,57.1
144dd8b2-9608-4262-94d9-466117817781,גן נר,locality,0.7386,65.0,88.00502484049775,28.744617235403414,116.65168830457121,0.6107784431137725,1.2242890190679634,15,20.308851886268712,56.52
dc92afeb-9575-4b7d-8bdf-6709fa3b57b5,נורית,locality,0.1226,13.0,106.05072030805715,20.97870204046958,102.86516705738379,0.4583333333333333,1.2646141510520397,5,40.78873858002198,63.79
597fb0d4-7934-497f-8dcd-064055d50ca0,גדעונה,locality,0.1209,31.0,256.4520547960052,37.26403444647499,65.28242712158841,0.5303030303030303,1.0417841557316403,13,107.54441007574411,84.37
3f70240b-f892-4c33-9179-2e36f45afe18,כפר יחזקאל,locality,1.2917,36.0,27.871286509886392,15.841279821307083,131.16294281810224,0.824390243902439,1.2966686991950003,18,13.935643254943196,32.26
3f4861ef-bcfa-4da6-8b1e-6aa6f04674ca,גבע,locality,0.4501,23.0,51.094252932133436,41.02552058973459,135.7909963125383,0.8861386138613861,1.2561622996636335,3,6.6644677737565345,44.04
5f720be1-f936-4b68-aae9-bc54b241e5dc,מועצה אזורית גלבוע,locality,252.0394,1655.0,6.566433286461252,5.54681648229695,294.3812124235893,0.6916915052160953,1.316365963737003,358,1.4204127592466032,15.83
b5a1fa44-a68c-47ca-acc5-e1f1cf93ad9f,רמת צבי,locality,0.811,17.0,20.961016593835968,24.773619930154474,225.75430636943324,0.860655737704918,1.471456216290019,24,29.592023426591954,40.47
97d83fbc-b52b-4a05-aa97-be51584e229c,سولم,locality,0.3041,39.0,128.22630691829607,43.24021170204628,162.36419569612912,0.4507042253521127,1.0911315499206198,9,29.590686211914477,72.59
e14a328d-f96d-4f4d-b932-a2e7a629cb92,מושב מרחביה,locality,0.5313,24.0,45.17125081933897,19.772933619168583,166.75531458630263,0.6619718309859155,1.0649779199703144,4,7.528541803223162,39.25
17d603d3-984c-4fed-a263-aa43223bc907,קיבוץ מרחביה,locality,0.5821,48.0,82.46063773476553,19.33447198926735,94.57577374800759,0.5897435897435898,1.183807833931589,24,41.23031886738276,58.12
6c2ba5dd-ba24-457f-9d0b-4c962b8ce4ce,ניר יפה,locality,0.3478,21.0,60.37653368180835,14.912191623264604,90.99504393281043,0.6557377049180327,1.1298257850652478,6,17.250438194802385,41.97
cb0ed744-10c4-485f-b200-64b9cf3bed30,יזרעאל,locality,0.5231,33.0,63.08885623006504,36.74438052800258,127.28442607723703,0.8465116279069768,1.1034780366832824,8,15.294268176985463,52.18
aaae71d3-b116-4024-a97f-0a7afa6af730,אביטל,locality,0.3913,4.0,10.221554427367684,8.55118127661067,159.3491914770917,0.8620689655172413,1.1025941073836112,6,15.332331641051526,27.34
80c03efd-12af-496d-96d2-5415727ba4ff,יעל,locality,0.073,12.0,164.28306949595125,32.58208390699566,69.99844269577564,0.6666666666666666,1.0655892624090384,1,13.690255791329271,69.49
160aceee-ac1e-4423-ab82-e2416bf57bc4,מיטב,locality,0.4772,5.0,10.47751253082851,9.695104164017959,220.3154734960223,0.8076923076923077,1.153773139209201,0,0.0,21.25
2c119cf7-1655-4a8d-ba37-27795a15fcb5,פרזון,locality,0.4713,4.0,8.487073315336747,14.121198966720131,277.3079804633029,0.8888888888888888,1.0612584663095335,1,2.121768328834187,26.04
97d3de30-ce02-4db9-ab0d-8031f39c305b,صندلة,locality,0.2113,39.0,184.54295265534608,41.662239405782785,131.41197716864156,0.25,1.1138122920462206,4,18.92748232362524,78.36
9cd7b573-fb23-4fdc-a98c-9042cffc699d,מגן שאול,locality,0.7808,22.0,28.176656924753146,20.38407803636848,174.89721648298098,0.8018018018018018,1.287732456539337,6,7.684542797659949,32.98
fa39d351-91a6-4ff1-9c83-38cb7388e47b,רם און,locality,0.7212,18.0,24.956780801650016,21.265420227340037,259.95962280384845,0.75,1.0979234768669903,8,11.09190257851112,37.14
57d947d7-419c-4c6e-9bb6-90046a2450a7,חבר,locality,0.2174,39.0,179.36371415567004,28.622715727334548,69.92795845843051,0.5357142857142857,1.9130764491508245,3,13.797208781205386,55.9
48df7a95-0900-443a-831f-30a5c46a8caa,ברק,locality,0.3327,7.0,21.041144108337868,9.409001682564504,130.42504453582353,0.7586206896551724,1.8607281344019915,8,24.04702183810042,22.19
0ce6af2e-f921-4782-9c08-5b3627f68854,אדירים,locality,0.3981,3.0,7.53627142861571,9.458819020050264,268.95127241762276,0.8333333333333334,1.009736585684549,1,2.5120904762052367,23.67
1b7e3985-8402-4cad-8edd-93ce492e7d3d,דבורה,locality,0.3957,6.0,15.161628395941241,12.186274974030827,178.61281351976214,0.8333333333333334,1.1319214249877594,13,32.85019485787269,37.32
ca907e0d-c1b4-4b23-95fd-8de6c046aaba,גדיש,locality,0.2886,7.0,24.25485809750788,16.558273437007877,191.1500180179811,0.75,1.056404948254845,1,3.4649797282154116,31.43
4ae26906-cd44-4eff-82db-cc18a28d720a,אומן,locality,0.2018,30.0,148.64524794390357,34.60925601792852,101.23096987378538,0.5714285714285714,1.026641852097637,2,9.90968319626024,68.29
e314f5fc-2754-45e0-b733-1cac3aee14e7,מלאה,locality,0.4165,5.0,12.005137114536282,8.139258852498045,135.59626641236306,0.8571428571428571,1.783569099764598,2,4.802054845814513,12.99
2e62e549-9825-46f3-8dae-f3874c08db58,مصمص,locality,0.8778,53.0,60.37867485912776,19.181336429627464,142.68855756734638,0.5470085470085471,1.08447033289451,18,20.50596504649622,46.8
0f781358-a0a0-4f88-8210-ee966c445364,طلعة عارة,locality,6.3433,213.0,33.57859098492995,13.263670165739313,184.1046036518856,0.5023364485981309,1.0777436123588195,39,6.148192715550555,31.85
fb01b580-c87a-4751-954b-a79ced6f1985,عقدة,locality,0.1464,15.0,102.4417132059165,37.14573228963798,181.3017916586963,0.4444444444444444,1.087945611742837,1,6.8294475470611,58.57
19ff4585-d2cf-4c7a-97e5-2d9692d412bf,سالم,locality,0.6416,60.0,93.52174033665884,14.781739098387424,83.187744960219,0.3939393939393939,1.0585652206588132,5,7.793478361388237,48.98
8a939407-bda9-4a6f-89ed-9f7746f3e362,زلفة,locality,1.1991,61.0,50.871491392701316,19.234036178054648,176.0574867653789,0.5040650406504065,1.0652668510632315,9,7.505629877611669,40.02
51d6e83f-3085-4ce1-9fb5-8c24b1aec25f,גבעת עוז,locality,0.3342,24.0,71.81818962637058,21.89941227279437,128.3909440695038,0.5862068965517241,1.158369237601925,1,2.992424567765441,42.78
9822909c-08d8-4536-bc0f-2ec6868e8989,بياضة,locality,0.1395,6.0,43.01255084173875,14.940689382134968,148.86707407573772,0.625,1.0972347927743966,0,0.0,32.1
1a0ff0f3-c2d3-40e5-9e00-ee814364e6c6,מגידו,locality,0.5187,42.0,80.97753646661167,29.484960558401887,105.46716665898032,0.7666666666666667,1.1117868813141083,11,21.208402407922105,57.66
413dfb14-57cb-4702-ab07-9fc7b2df3070,מדרך עוז,locality,0.873,13.0,14.890966354698694,15.395598487991162,320.01309924378296,0.75,1.2618829145572545,8,9.163671602891505,27.98
84e9ea2a-9d5c-4ef5-804e-2a5e516b7d5d,כפר ברוך,locality,0.4913,22.0,44.78239746724011,17.681222696192798,163.88973958274607,0.6,1.1610505231810504,7,14.248944648667308,39.03
96aac814-43e7-44f1-a7c2-4100d414c5c4,היוגב,locality,1.0959,29.0,26.46193524619405,17.236712190266296,245.32403569829995,0.6506024096385542,1.113147806861295,11,10.037285783039122,34.1
1cff5ea9-639e-4f74-8390-0f760945c900,עפולה,locality,29.6659,1446.0,48.742816824398986,17.910055997700145,146.77295664489952,0.6246105919003115,1.2943790284720906,1375,46.34949732610554,50.81
5fb69551-3bb7-4df0-86e1-e6d974d62e63,בלפוריה,locality,0.3382,13.0,38.43572851220777,13.931630880905976,152.00171942023906,0.6388888888888888,1.0494738417174585,5,14.782972504695294,37.15
b46cd03a-1303-475e-8b2e-1dfe13755554,כפר גדעון,locality,0.2556,16.0,62.6019314014547,43.28348728242401,184.37551393254392,0.7948717948717948,1.0456001955661829,2,7.825241425181837,49.97
a7aaea96-99cc-425a-b8cd-cf59fb41f113,מזרע,locality,0.5242,19.0,36.248127361649004,20.440982582292627,162.34011843237235,0.7654320987654321,1.6063319951142079,26,49.60270060015127,46.62
5874d77c-b5d7-4938-a81b-155d1919d974,גניגר,locality,0.453,17.0,37.53109469486316,20.978395751494737,211.16281826512156,0.6046511627906976,1.1288166579088847,9,19.869403073751084,42.51
ba36383d-7175-427e-bb62-14fcb8eb714d,תל עדשים,locality,0.8616,34.0,39.46357628187154,14.91598291580385,169.09110512005364,0.5342465753424658,1.0724442804927394,20,23.213868401100907,41.04
805f81ee-952c-4aeb-ba9e-47157616a29a,إكسال,locality,9.3771,167.0,17.809342212190316,8.036928031458123,232.60211598638944,0.40569395017793597,1.0720909963356902,99,10.55763400602899,29.89
f38763e4-0f79-4a21-83a9-9e86cd3bbc1a,מועצה אזורית עמק יזרעאל,locality,328.623,2676.0,8.143069714041777,7.510952794608491,332.74087914253346,0.6609224531170805,1.592938794537288,669,2.0357674285104443,13.56
df47a55a-23a7-49a1-b0cb-99ad62cf1828,يافة الناصرة,locality,5.3742,204.0,37.95939874986689,11.658912220183227,126.579587518192,0.6114285714285714,1.132079405286258,74,13.769585821030148,33.89
91668239-6888-4302-abc2-7a928b12f44a,רמת דוד,locality,0.3644,17.0,46.65021302345375,11.224170206269472,110.54721600651202,0.5142857142857142,1.0407328188697953,9,24.697171600651988,41.08
0fca6d41-34f5-4363-b919-b70790eb775b,גבת,locality,0.6444,52.0,80.6944090167284,20.95165563933631,121.63407786038668,0.4639175257731959,1.184845700362615,19,29.484495602266147,55.21
dc7e8c40-e22c-4bd9-bfa2-1a29df12a02e,יפעת,locality,0.4852,31.0,63.895499073229935,24.79527640699393,152.27664153083046,0.6219512195121951,1.1010897848629067,18,37.100612365101256,57.63
87bcd947-ea0f-4204-8648-782371e43c17,מגדל העמק,locality,9.0921,650.0,71.49077580903263,19.027490878701723,118.49281398274738,0.536376604850214,1.2555860096486084,238,26.17662252699964,48.62
2b7d3c40-e81a-4aa2-bf20-3cadbd7e0275,שריד,locality,0.5577,46.0,82.4780231904296,13.466656798047508,82.53496817056521,0.4588235294117647,1.0571210266280648,16,28.68800806623638,52.33
97a98f07-f7fb-4775-a0ac-32cf71eeb094,נהלל,locality,0.951,44.0,46.26667095823963,31.695643036868066,144.91744114339082,0.837037037037037,1.4712580819782604,20,21.030304981018013,45.6
0c22ed60-396b-4a22-9579-725f5e118374,בית שערים,locality,0.6331,23.0,36.328356509494114,10.079937236728886,132.9531635891736,0.46511627906976744,1.195104053797616,23,36.328356509494114,41.64
b8346624-8312-4b91-bb65-591113c5b76c,רמת ישי,locality,2.3327,242.0,103.74391296697254,25.258492121782442,89.81654039567894,0.659634317862166,1.1388734001387555,295,126.46468729445002,70.5
aa9e0f16-2ad0-4170-81c2-a2df71f62bd9,منشية الزبدة,locality,0.2352,14.0,59.51681729163826,21.006063779135435,149.73353460389808,0.6,1.0634507458465314,5,21.256006175585092,48.46
2d6d4703-8a4d-4eb2-8e25-0b31dea756d6,תמרת,locality,0.6326,28.0,44.26133326809192,29.529161180023358,169.82122317435264,0.8095238095238095,1.4430880301632287,12,18.96914282918225,44.48
35833e80-1fda-4ea2-8d54-1a0fdc0c2296,زرزير,locality,4.3103,141.0,32.712046069439516,10.69927621329294,161.25001725876996,0.4758364312267658,1.0869847283883747,48,11.136015683213452,32.55
3cbfabc7-d02d-4d8c-81e8-0414c3401fa1,בית לחם הגלילית,locality,0.6801,25.0,36.759403619603845,18.098642629167166,183.71421178411163,0.6666666666666666,1.2073541256946974,29,42.640908198740455,48.36
c3f09015-45d9-4311-924e-c870d12b9626,אלוני אבא,locality,0.4015,19.0,47.31789648654135,21.310928552994433,186.02559936284052,0.5777777777777777,1.208488423460781,10,24.90415604554808,45.51
d5122692-7db2-47cc-8988-c7b9669e59fa,مشايح السعدية,locality,0.2792,9.0,32.24009901955205,19.167534348300258,267.5361031460926,0.55,1.3805787743097488,3,10.746699673184017,32.82
6d81e2d6-8978-4d2b-9e9c-f86967a93d57,كعبية طباش حجاجرة,locality,2.6245,67.0,25.52888973781258,17.00158212240185,273.7439995774588,0.5988023952095808,1.2574646865578192,14,5.334394870587704,29.71
6cb5f897-fb8b-4a4e-814e-b4d040728a4d,كعبية طباش حجاجرة‎,locality,1.9144,71.0,37.08689193491731,25.12046631253586,277.9838104730567,0.5988700564971752,1.2672003814589472,13,6.790557678224297,37.87
5fb4b4a7-841c-4e2e-930e-dceb7b0be997,הרדוף,locality,0.2984,15.0,50.263605895466895,22.951270609322414,180.2439741682825,0.6341463414634146,1.147500571567507,15,50.263605895466895,58.14
8bcc1583-cc39-4164-854e-516d7936df75,سواعد حميرة,locality,0.0631,4.0,63.39484090414755,46.87262370975202,295.7503988731387,0.6,1.1622821817194173,2,31.697420452073775,57.92
7bbbe233-199b-4872-8129-c61be4ca2063,עדי,locality,0.5254,55.0,104.69097721855157,27.762229824488564,114.84287601039395,0.5491803278688525,1.1878732749322687,7,13.324306191452017,56.96
e51ed068-f1d0-4189-80ed-c4cfde4d6d55,הסוללים,locality,0.3469,16.0,46.12756261445683,14.414908243842056,147.05928186784902,0.4666666666666667,1.0514544430600292,15,43.24458995105328,51.36
639b7db2-ea35-4bde-8384-a72989f12922,אלון הגליל,locality,0.3617,24.0,66.34513004865435,27.978554432439353,89.56720470213988,0.8579881656804734,1.0816871052312367,6,16.58628251216359,52.33
27008ee8-4433-4a6a-aa31-0740f4ef4747,ציפורי,locality,0.8256,14.0,16.956978107635006,15.218717951986495,267.3374410145138,0.7307692307692307,1.2268122336466964,15,18.168190829608935,32.4
46ec8139-c411-447a-a46e-33c3112832f1,رمة الهيب,locality,1.3442,58.0,43.14765088511018,17.780633741585497,192.75088839863233,0.4727272727272727,1.071555179619576,4,2.975700061042082,36.42
07163553-c058-4d53-b5f2-450408af70a2,בית רימון,locality,0.2585,23.0,88.9872299776249,35.43844280944953,94.42848980056951,0.8188976377952756,1.1926894496115614,3,11.60702999708151,54.55
68381f7c-d2ff-486a-a572-985ed138c318,المشهد,locality,7.1646,122.0,17.028244626255347,10.233889777166397,257.2680325238115,0.5836177474402731,1.1657118883006519,38,5.303879473751665,24.86
73f20d4b-a2ff-4f5e-93ae-7eb8ff91a9ac,הושעיה,locality,0.7055,54.0,76.54120602631485,24.314231805524315,119.1232461628173,0.6470588235294118,1.2664965088860012,16,22.678875859648848,51.59
4f4b5dd4-be5f-4fde-b9d7-8589e9bb1014,الرينة,locality,10.8466,224.0,20.651566215499297,18.006613795611905,337.32498553828805,0.6527131782945736,1.1262236279101718,107,9.864810647582253,33.19
9a47dd38-281b-4b4b-aac1-ff4aec5ce8c1,שמשית,locality,0.4909,51.0,103.8812672863319,30.18616892226803,119.51412875328867,0.5984251968503937,1.1541837541568225,7,14.258213156947516,59.17
a74c2c6e-b6db-4873-9b87-1ab51a802171,גבעת אלה,locality,0.6083,54.0,88.77481488740118,23.105777213742975,101.11364485529877,0.5877862595419847,1.2244051522219699,14,23.01569274858549,54.0
9e94d646-a88b-4e7f-80b0-79f3a2f9d976,عيلوط,locality,3.1142,155.0,49.77125197854572,15.889578395086632,155.12251014421776,0.4850498338870432,1.1106891053304098,27,8.66983098981119,37.8
788d2fbf-487c-49e2-af46-f574da70d9ca,כפר החורש,locality,0.2638,22.0,83.38867555280179,26.602959884521958,115.05771087839567,0.6451612903225806,1.0977992457461736,9,34.113549089782545,61.59
dbf0e159-145e-44a8-82d6-d18b0445afe0,الناصرة,locality,14.1724,965.0,68.09004306888777,22.809775112045582,154.52652124933996,0.5175,1.14594174181158,1253,88.4112165443693,61.64
65649a04-fd77-403d-9272-bdcae60d00ea,נוף הגליל,locality,32.8639,1024.0,31.15883513981448,15.840178303108567,199.14675119054885,0.6304583182966438,1.382774600123611,598,18.1962728648526,33.33
e0696402-df82-4cf5-946b-c73200506aa8,عين ماهل,locality,5.2218,105.0,20.107825474738053,10.25357195381166,223.09412499269962,0.5766129032258065,1.118375810646484,45,8.617639489173452,27.53
62c36322-041c-4831-bb98-0c8beac473d4,בית קשת,locality,0.3452,36.0,104.27961990899492,38.08229312522397,94.58262270910339,0.7647058823529411,1.086095440707058,6,17.379936651499154,61.52
6f40f4f7-933b-4e05-9ca9-f86e4a822f9d,שדמות דבורה,locality,0.7796,33.0,42.3277034472576,14.065605666461192,146.2131414938341,0.5769230769230769,1.0998073806994821,20,25.653153604398547,41.61
345c3f4c-819a-40f6-b8fe-82d74a95b60a,שרונה,locality,0.6184,19.0,30.725446953423415,21.542454926889302,218.38396646920694,0.759493670886076,1.1556286838574261,10,16.171287870222848,39.64
34814532-bd67-4ba7-ad10-7fb96fd95581,كفر كما,locality,8.8276,140.0,15.859361986812827,8.750708326890845,249.18611455337697,0.5155709342560554,1.0920593221911798,65,7.363275208163098,25.57
1999d12c-7759-47af-9566-5779933f10b2,שדה אילן,locality,0.6619,21.0,31.726192535308876,18.07960862395311,168.5512646605482,0.7692307692307693,1.0879597609785927,6,9.064626438659678,35.7
38ba3e82-26d5-42be-a536-9a41e6fcc709,מועצה אזורית גליל תחתון,locality,192.3449,1179.0,6.129615000284311,5.4114539445080965,319.9709207292198,0.6627574370709383,1.3577859470442661,235,1.221763804127916,14.96
6450db70-94a9-46c7-8895-1cd5258661c2,הזורעים,locality,0.7421,38.0,51.20508179236056,18.559280504032596,174.34302490212755,0.49333333333333335,1.1411915682744553,6,8.085012914583245,38.93
b1a67614-6ed9-4143-8d04-50dfefeae55e,גבעת אבני,locality,0.6282,34.0,54.12704741226633,22.412912232829296,107.47107042888209,0.7655172413793103,1.2150510125059693,17,27.063523706133164,48.37
066754dd-04c0-47e4-9eec-5ddb079aa5af,طرعان,locality,12.2862,232.0,18.882921303407127,7.691295757119183,222.3460320361101,0.3196480938416422,1.0863254579073527,82,6.674135977928381,30.69
37577a10-9aac-4ae1-948e-cd3782cfcf88,אילניה,locality,0.5039,11.0,21.82900772390429,14.320913727176041,232.79182510838848,0.6666666666666666,1.0471047604105153,15,29.76682871441494,40.11
f526aa16-8a4e-4857-bf80-00ab91d27cf0,كفر كنا,locality,10.0571,282.0,28.039784323029117,9.220655575527491,168.30020328492057,0.41975308641975306,1.1702009246720806,252,25.056828543983467,36.63
c83c2bd6-cc56-4694-93fc-774d431d9059,البعينة,locality,7.1593,127.0,17.739276098418596,10.629015203966262,282.88412484232975,0.5225563909774437,1.1227502234094482,37,5.16813555623219,25.86
a0583347-3f29-4c16-ad5a-9dda8426da13,مجلس إقليمي البطوف,locality,4.224,126.0,29.829265326765125,16.495222512702444,262.930091403642,0.5058823529411764,1.1009716294245488,20,4.734804020121448,32.34
6440f4d4-0f33-420d-9e08-6962ae91ca5b,מצפה נטופה,locality,0.2219,32.0,144.2353046241716,33.852761876632094,83.45070291562111,0.673469387755102,1.122033968518024,2,9.014706539010724,65.62
cfe0a76c-7dcb-4d8e-ad26-5a61f2d744a5,לביא,locality,0.3983,31.0,77.83674484121022,29.295583225817847,125.45738427945953,0.7232142857142857,1.3792821427630713,17,42.68466652582496,61.48
e600cd73-52c6-4ab4-b978-e5da03f31a75,כפר חיטים,locality,0.3554,52.0,146.32265140846135,25.033251195160346,84.72659236402464,0.4639175257731959,1.0444101303490305,7,19.697279997292874,69.25
6bc923e0-46ac-442a-aa13-d6bfcb6f7bfe,ארבל,locality,0.5004,25.0,49.961095301626706,17.163046270757487,111.53513722495137,0.6835443037974683,1.712326645989174,16,31.97510099304109,38.54
d33064d2-405e-4bcc-9b78-aec974710ae4,כפר זיתים,locality,0.5675,30.0,52.85980008561503,15.120945881353837,165.03321256850498,0.3181818181818182,1.1842291425480491,3,5.285980008561503,40.46
8b457d9f-77ca-412e-a585-5c33e7efaf32,מסד,locality,0.2013,18.0,89.40095324381605,34.97617072700574,115.4443760298553,0.7567567567567568,1.206611132497151,5,24.833598123282236,59.71
e178a8ca-5dab-4644-a7bd-c2636af54377,حمام,locality,0.2469,14.0,56.70317101785557,33.604441902075756,230.47025128302408,0.65,1.2013281183276387,3,12.150679503826193,48.18
3a91805b-a0ef-49ec-83c1-65736bd0086e,מגדל,locality,11.6312,169.0,14.529831745808433,8.811503669696227,209.16068996424477,0.6932849364791288,1.2206678228402683,102,8.769484248949468,23.98
078db67f-221b-4337-8721-acdab6012401,ליבנים,locality,0.2289,22.0,96.10372264594653,34.67840191341728,139.27292287997085,0.6451612903225806,1.1846915412544679,13,56.78856338169568,71.45
d23a1e1c-7221-482d-b4a4-87bdf9f02870,רביד,locality,0.1204,14.0,116.24718067015237,61.521372734432255,98.78940298500203,0.86,1.3755975420653057,3,24.91011014360408,62.58
1326f0ee-44c2-4fe6-b3fe-94039dbc9dc2,טפחות,locality,0.1831,14.0,76.44583834948682,45.057175348705925,114.6055510420582,0.8585858585858586,1.1331000321410662,4,21.841668099853376,57.03
5414d3b8-b006-49f3-b6a7-ea43bf3aa675,عيلبون,locality,5.6265,201.0,35.723841159349185,13.398684078759265,185.6838025884441,0.4765625,1.0924244690482403,62,11.019294287958456,34.8
5da27dd1-85c1-4754-b48c-f8d1bdfb6c80,הררית,locality,0.1331,5.0,37.56118536671884,34.262467794276176,182.4354980268248,0.8571428571428571,1.108357492458011,11,82.63460780678145,60.89
2d3003a9-7aa5-4a5f-bf3a-a8efa4f9b006,יחד,locality,0.0715,17.0,237.7324576657271,39.96473843330056,69.70333528184607,0.5526315789473685,1.0617128647220362,1,13.984262215631006,69.67
a8fe7afb-ed69-47f7-97d7-358e331c8687,אבטליון,locality,0.067,2.0,29.842441416243226,25.65391881550394,132.25314530394093,0.8823529411764706,1.9715379212903332,1,14.921220708121613,29.47
f945d9c7-baeb-4071-97bf-9596d47e41d7,عرابة,locality,9.6807,234.0,24.171762479670438,8.528182746817711,177.54607856764719,0.4532710280373832,1.102488480689539,179,18.490365315645334,32.78
2c6ba27c-cf1e-40b3-bedb-e6e7e20969ae,دير حنا,locality,8.9178,200.0,22.427072542804073,8.419147375240785,188.643761514878,0.44598337950138506,1.0989235918991054,90,10.092182644261833,29.27
f3700dcc-c8f6-453a-a0c7-7e13ddcadc8c,سخنين,locality,11.1814,418.0,37.38353249348906,10.055166909663766,148.13014671935105,0.34069400630914826,1.0904272792518743,421,37.651835358274866,47.66
211af68c-87a1-4719-bc00-5e554e85e87b,עצמון שגב,locality,0.4253,34.0,79.95270492668813,29.424908170720993,120.31714907171394,0.7258064516129032,1.233687087388868,2,4.703100289805184,48.98
91321f76-17be-4a71-8823-5da359e5574e,רקפת,locality,0.36,47.0,130.5626377044761,34.38075911345778,87.15775991189666,0.6544117647058824,1.2048544894878648,5,13.889642308986819,63.6
7e14600f-f3e1-4348-be16-6308b8593c24,כפר נופש רקפת,locality,0.0137,0.0,0.0,48.1689868342579,94.41067198103956,1.0,1.1836473858718457,0,0.0,32.25
ff905030-3085-4bc7-988c-e819f2cd90d2,שכניה,locality,0.3892,41.0,105.3328102883929,32.00023502568261,89.61042830949357,0.7284768211920529,1.1327780116645652,7,17.983650537042692,61.27
0e13b5db-e8f2-4d8c-87b7-282ccece030b,קורנית,locality,0.4467,35.0,78.3548750648967,25.861059250563212,126.94246837836792,0.6111111111111112,1.2017896966673558,5,11.193553580699529,49.36
2fc87999-19a5-4027-b1b8-b0f7560fad82,كوكب أبو الهيجاء,locality,2.7315,100.0,36.609691872041125,12.552525749799326,170.5842733747964,0.40476190476190477,1.0743870577284207,25,9.152422968010281,36.09
c005b8dd-a906-4136-9935-fe183eb85639,יודפת,locality,0.33,43.0,130.308111138135,28.5173317350216,101.18658644951513,0.4819277108433735,1.130678811928035,22,66.66926616369697,78.66
751e50b9-356c-4190-9efc-2dbec10e2800,חוג'ייראת,locality,0.0233,0.0,0.0,106.12232248197958,1236.4874657254152,1.0,1.4710967769154435,2,85.82563545819718,47.93
76eef7e4-2877-461f-8667-f8e45bdb7c8d,العزير,locality,0.5209,41.0,78.71418453069437,27.09353513757232,170.02721404645274,0.4605263157894737,1.0682774828985326,11,21.118439752137512,57.41
330ca68d-c91b-4784-93be-3121049c0038,رمانة,locality,0.105,4.0,38.10895531399319,14.545610187004094,169.63770288120998,0.6,1.1105842982719525,1,9.527238828498298,34.47
f8eb3249-acbd-458d-b3b5-c762b5f6d06b,חנתון,locality,0.2285,13.0,56.90272829794911,32.05590562657437,140.83641762626053,0.8059701492537313,1.1568163351657827,6,26.26279767597651,54.53
dcd28602-3d96-4823-8344-295c094394dc,كفر مندا,locality,11.0277,234.0,21.219355879011857,7.73000334459223,183.71531513289457,0.4320388349514563,1.0480070024074286,218,19.76845975053241,33.62
186ff1b3-7b56-4b53-838a-8179a4cf35e1,מורשת,locality,0.3298,44.0,133.4129578247471,29.115007260742534,75.60801659878194,0.6691729323308271,1.573633821669546,5,15.160563389175808,58.55
fa1ba1a8-d586-4036-91db-34051e8364f9,ضميدة,locality,0.2693,12.0,44.56619913760893,30.062418400637124,299.8028798343798,0.5555555555555556,1.501694231789403,0,0.0,36.39
321b3a92-4fb0-45bf-a6d6-1a6d44590abd,بئر المكسور,locality,5.8521,186.0,31.783554954147807,26.562073205691757,427.04246069311546,0.40192926045016075,1.1766914093094774,35,5.980776469866522,41.75
5f8b1bc8-de15-4463-9308-674bafc7bd80,شفا عمرو,locality,19.632,869.0,44.26442268332694,15.770850866621398,182.55521724081706,0.4267810026385224,1.1030676587465342,506,25.774220802949863,45.33
d59a8e4e-24dc-4ed8-ac1d-0652333a111d,أم السهلي,locality,0.0198,1.0,50.627166740944126,20.331983846201034,133.8674151649216,0.5,1.1894746539322363,0,0.0,35.84
b1785eee-db19-4275-845e-447227d9cb5d,إعبلين,locality,12.083,192.0,15.890092207386513,7.287953281837935,226.95965664368626,0.46218487394957986,1.077438973464159,78,6.45534995925077,25.59
91363f22-eee1-4ad3-9dc9-629f70db045b,מצפה אביב,locality,0.4225,58.0,137.27170455770946,30.61504654632863,94.41941904937171,0.5766423357664233,1.0833211331034291,2,4.73350705371412,63.1
d087db90-d4ba-4259-a9cd-2c136c2771cb,מנוף,locality,0.2565,37.0,144.22469458115984,34.35781620856059,74.69742673546874,0.6942148760330579,1.0681202302329027,5,19.489823592048626,70.62
67c6dc79-c6f6-4340-beb0-07c5340672ab,כאבול,locality,1.7462,125.0,71.58454036755778,19.097960920886287,146.2658453644916,0.3315508021390374,1.0568124550215594,60,34.36057937642773,59.99
1b4a119f-468c-4bcf-98cd-85c260e43088,טמרה,locality,4.3721,272.0,62.212305882852405,14.791353972925451,130.38236643801633,0.35083532219570407,1.0705945709252598,261,59.69636704200176,60.72
3c6d9b3c-b4c2-431c-9e7d-acd6a5b1d07f,طمرة‎,locality,29.7704,363.0,12.193334647309735,6.8887759792301715,262.25238145889983,0.5153538050734312,1.1304402720486242,304,10.21149788645223,24.16
653c52c9-d709-44da-a2ea-271874911cbf,אחיהוד,locality,0.629,25.0,39.74675157292364,11.367416016527393,140.19416764100163,0.46808510638297873,1.081747046233044,7,11.129090440418619,34.71
7e3c99f2-d228-44a1-99e0-01b585bb8d34,גילון,locality,0.4174,31.0,74.27794203080316,34.45269946017565,163.39637406365634,0.69,1.113365540989294,6,14.376375876929645,53.91
f2bed0d3-45f1-48d3-bfc8-45e0f96b169f,شعب‎,locality,5.3834,99.0,18.38987608638719,10.688916107374666,265.17362545539316,0.5263157894736842,1.3135563533755508,15,2.786344861573817,22.22
b3d06640-b9c3-4cf2-b96c-e1cb742063fc,كابول,locality,7.2768,144.0,19.788833396860255,8.903847097015435,224.9715008068172,0.4482758620689655,1.095373179507958,73,10.03183915257499,29.03
e199dfe8-39fd-4568-8d2b-459e0e6b1323,יעד,locality,0.2569,10.0,38.92378631556138,38.75162469043447,216.4297730121652,0.8333333333333334,1.2197454353327846,3,11.677135894668414,44.16
42d38c73-cac9-4b19-a33a-5a3c975fdd66,מועצה אזורית משגב,locality,163.0181,1699.0,10.422157345292494,8.531469767821205,281.19364248548277,0.6856614246068455,1.3263240793346485,297,1.82188389143724,18.61
860a2d9c-51ef-46cc-9271-0f3773181eb1,יובלים,locality,0.5741,22.0,38.3217919248584,21.802562908046323,186.81408534228245,0.7215189873417721,1.2121863418139394,10,17.418996329481093,40.98
22709453-6b66-43e4-9a2b-fcae5f7bd137,אשבל,locality,0.0592,2.0,33.78508938325177,45.64550379782771,93.17618620008942,0.9444444444444444,1.1552850622541047,3,50.677634074877666,59.43
99216e52-a8f9-4e74-bd04-a350ce150589,מעלה צביה,locality,0.1799,12.0,66.6979408010756,58.703066883289814,162.48611487247635,0.8285714285714286,1.7326005037814116,0,0.0,37.35
5b2ca7ca-47ba-4105-8f16-a9a2205bd5af,אשחר,locality,0.1916,27.0,140.92524598465346,28.83742140165303,81.24983238708796,0.6301369863013698,1.163038153396795,4,20.877814219948657,68.32
1c6a97bf-d33c-418c-be7f-ef15ee28b23a,عرب النعيم,locality,0.1627,14.0,86.0639738125789,23.308388485073294,114.89601046804599,0.5333333333333333,1.2378899288143912,0,0.0,44.18
d9596550-ce63-4661-8261-6f0b49d88eb7,حسينية,locality,0.1748,13.0,74.35031393777577,48.02667734948104,262.417690523209,0.6388888888888888,1.132071855529865,1,5.719254918290443,50.18
b29287dc-3458-419e-a5df-d8bc7ddcbe6e,מכמנים,locality,0.2848,27.0,94.79725393282067,29.50315922136749,129.27756804520502,0.6301369863013698,1.1413998445746303,8,28.08807523935427,62.74
64cbbe4e-9d7d-484f-b360-09a4ba249bf7,כרמיאל,locality,22.0247,1216.0,55.21069409344502,20.152205390458537,92.31419560854432,0.7770034843205574,1.503281753683508,1172,53.21293871506379,51.93
77ae50a4-8c20-418a-ba12-9138556f8041,שורשים,locality,0.2324,12.0,51.63762048338541,28.575369278651678,112.55242708505611,0.8441558441558441,1.6189151446091432,2,8.606270080564236,38.54
cbd1507d-d66d-4bb8-8f5b-9c89f90229da,צורית,locality,0.2408,41.0,170.28774211601228,45.15974679747275,103.55299608314193,0.616822429906542,1.1078653969748578,9,37.380236074246596,78.33
01a37468-e422-43a8-a034-a07098f5c36d,תובל,locality,0.2524,26.0,103.01148240732957,38.05892255814183,106.73373097043743,0.7475728155339806,1.2381224738660455,5,19.809900462947994,59.95
cc0aa917-ead6-4158-bade-490b1ea610eb,البعنة,locality,3.4626,118.0,34.07795830257588,9.16991331462765,135.11569766862155,0.4460093896713615,1.1919747750167646,67,19.349349205699863,34.41
c6a55405-e5a7-4109-89d8-e275ac2eaee1,نحف,locality,6.0668,126.0,20.768788852254023,11.11720187504203,228.6298071820679,0.5625,1.1392971152785383,64,10.549226083684582,28.7
1c48d6ce-0233-4266-9e8b-664bfded3cf7,הר חלוץ,locality,0.1738,19.0,109.30407229754627,29.692947228242346,80.64744087839748,0.7397260273972602,1.0804844815883436,4,23.011383641588687,64.65
7322b67c-c3ee-41a0-84a8-fad4f7472dc1,חרשים,locality,0.1647,14.0,85.01620896243881,40.016362115129446,193.8139300483028,0.6,1.2715481316176664,0,0.0,47.93
b9cc4c4e-2feb-497c-bfba-ae1ca312981f,לבון,locality,0.2527,26.0,102.89332561030167,39.755437021031504,162.02834130300715,0.5873015873015873,1.0903683595322777,12,47.48922720475461,73.22
8e6740a3-83e6-4587-a5c1-65b2128c5d65,دير الأسد,locality,5.1545,74.0,14.356391087069758,9.572773055498454,278.77314580077325,0.5911602209944752,1.129155093321626,66,12.80434880738654,27.44
c4f0b8a6-3790-43b5-96cd-6375573e35d9,כישור,locality,0.2899,36.0,124.16781288019672,43.88478829633127,116.72959508333949,0.7073170731707317,1.2202747478612614,3,10.347317740016393,60.67
5fc8c0ec-7180-4f5d-b024-87fdf09f5e44,לפידות,locality,0.0935,20.0,213.8908751373288,34.37911773125945,82.42668965631047,0.4444444444444444,1.149093322105689,6,64.16726254119864,84.43
607a2caa-244e-4545-ab2c-bd421adb5b96,يركا,locality,16.1393,180.0,11.152929370843314,6.636342397519284,256.2335871041325,0.5833333333333334,1.234272844517842,264,16.357629743903527,24.68
634adcba-fdef-4ac1-9a8d-83c56f1437b4,פלך,locality,0.0516,6.0,116.20748888220051,55.43771084294444,84.18670377422663,0.875,1.1861917023612538,1,19.367914813700086,63.2
a9d2c2c1-6403-4063-acd3-cd02235ef73a,مجد الكروم,locality,9.4537,175.0,18.511325951027263,15.734582165232661,383.3751948324326,0.5466321243523317,1.1805092176712455,208,22.00203313036383,35.29
cc7f2d81-bf68-4849-94cb-19d7bb6ee988,טל-אל,locality,0.3793,22.0,57.999148300147404,34.64593057795343,215.43857138042517,0.6140350877192983,1.1461184590625306,5,13.181624613669864,49.68
1e9bd6a7-561c-46b1-86ea-0ada11dacfa4,جولس,locality,3.9967,106.0,26.52211134706207,10.287108282320826,206.6036577557604,0.39080459770114945,1.0791402618245436,88,22.018356590013795,38.06
7632e285-60ea-4e56-b843-b616485aea3f,מועצה אזורית מטה אשר,locality,215.2814,1904.0,8.844237819435987,7.511364269902921,304.4731879340952,0.6716109003104519,1.3227715298431375,591,2.7452439870203094,18.03
4962362a-2b1a-4f3e-bfa7-c9f950a3c1e1,אשרת,locality,0.2175,13.0,59.75773427966239,38.509121605530815,121.41259770345607,0.865979381443299,1.1284090729671896,4,18.38699516297304,52.38
b2254a1f-d26d-4ce7-90d8-c83ce7ab332c,עמקה,locality,0.8687,33.0,37.9858431213038,9.896034229417,136.46233837064682,0.4,1.1432641504004852,7,8.05760308633717,33.27
106e09e4-80ae-409e-a4eb-c643fee2adcb,ג׳ת,locality,0.5171,36.0,69.61285660892032,22.863315462063103,159.77930730608685,0.4461538461538462,1.1132259443638444,6,11.602142768153389,48.72
a90df1f9-c081-4e8c-a01e-0937804e2cb7,אדמה,locality,0.0393,,,,,,,0,0.0,0.0
d2ab02d3-9528-4e14-9bcc-eb0c1f0d926a,כליל,locality,0.1092,3.0,27.46210881297771,27.087620710947107,211.36359890915563,0.85,1.372827513482479,0,0.0,32.96
6cea6c98-f3f5-4302-8e49-66b0a7686db5,יחיעם,locality,0.4916,37.0,75.27013312310501,22.268766873528193,133.4938800948647,0.5316455696202531,1.1043263385260722,11,22.377607144706893,52.29
9e74065e-3c57-49d9-bfe8-a3269d83b1b6,מנות,locality,0.277,24.0,86.63116471734031,36.290623095326374,209.45478000749048,0.4418604651162791,1.0607319729012556,33,119.11785148634294,73.16
4fe6e168-f0e4-4347-a5bc-579c76b48ca4,נווה זיו,locality,0.3558,54.0,151.7607397784697,31.341739347387527,94.50948836817133,0.47058823529411764,1.167141143476115,6,16.862304419829968,70.12
8b8730f5-4bf8-494e-85e1-2525665c6dfb,געתון,locality,0.4034,27.0,66.92774943211016,20.934776125386733,150.81267277601617,0.425531914893617,1.1144600518587882,4,9.915222138090394,46.83
0b804333-5cdf-4479-9ef5-aca800fdd124,עין יעקב,locality,0.5006,25.0,49.94311302665973,23.05801725261777,164.88772250246677,0.6794871794871795,1.190093535076028,43,85.90215440585474,57.51
ff315cba-d86b-4118-89cf-8105278a7358,מעונה,locality,0.5989,23.0,38.40646182933307,22.472548884260043,217.06219000787064,0.6891891891891891,1.1747872837243845,18,30.057230996869357,47.06
665973a0-3a62-4cec-a434-eae7d0161c4b,מעלות תרשיחא,locality,9.2599,555.0,59.93594385648098,15.842980924416935,125.7105358189149,0.4898897058823529,1.2022006075818745,300,32.39780748998972,47.78
93b99254-3bbd-435c-9172-86569df14e23,معليا,locality,2.1246,84.0,39.537314268681,14.632816276425885,175.64135333601467,0.45098039215686275,1.0892530218339431,62,29.182303388788355,44.47
f484fd09-30fc-4bf7-818d-13930fc3b4d1,מצפה הילה,locality,0.2246,15.0,66.79841390361436,28.107770853796385,128.8117358824858,0.765625,1.1261974985667094,5,22.266137967871455,54.11
32828b34-9098-487d-a415-394101254f60,מועצה אזורית מעלה יוסף,locality,93.3095,674.0,7.2232717994870965,7.282688027952967,344.42174331339487,0.6950226244343891,1.4751321071867627,417,4.468997537664865,15.96
5c0ddd85-65fe-4b41-ba8d-e9d3b624d21b,אבירים,locality,0.1906,8.0,41.965637612872314,26.838134723219813,142.11698612828692,0.8297872340425532,1.3687543102705202,6,31.47422820965424,48.34
b1267eef-71e4-4a8d-9192-0fea01c0fc56,אלקוש,locality,0.3352,18.0,53.69790089507644,20.37932410574331,179.7717208527616,0.5263157894736842,1.0789266075464718,9,26.84895044753822,48.88
43903d23-f34b-46a7-8f0a-30db34f4d5bf,צוריאל,locality,0.5516,17.0,30.822072367127213,24.0960832021451,288.91873722213677,0.66,1.2202010415407165,11,19.943693884611726,41.9
016ad63a-57bb-4f49-a5b0-851a6b253076,פקיעין החדשה,locality,0.3121,10.0,32.04536386007514,25.905136421945,288.7105441151086,0.6875,1.3262618821673702,17,54.477118562127735,53.79
666b9422-4c3b-4370-a92f-99a97bd59ef4,אינתיצאר,locality,0.2766,19.0,68.69059140732784,17.420593233171438,114.72815121260638,0.45714285714285713,1.1955885059406648,3,10.845882853788607,43.04
4718e338-f1ae-41bc-a603-076fc464b96f,كفر سميع,locality,0.633,41.0,64.77050793901246,27.733777536056962,216.73575478019475,0.44594594594594594,1.226334999286611,4,6.319073945269509,47.2
084a7423-59f6-4cad-a3be-6a19cfc371a9,חוסן,locality,0.5713,23.0,40.26073518440105,23.108376026622725,178.3954777889524,0.7444444444444445,1.530424031869127,30,52.514002414436156,50.5
2fcbd427-b447-41b8-a428-49afc1824c80,כפר ורדים,locality,1.807,157.0,86.88633972705735,21.764653789308348,119.17522313095793,0.47315436241610737,1.140125226141203,71,39.29254853898772,61.31
97015cc4-2a03-42f7-b9ef-160141af2429,כפר ורדים,locality,4.8559,219.0,45.09999934203896,14.622020422698723,155.0277655325885,0.46973365617433416,1.1370343837001302,80,16.474885604397794,39.21
d3b465c1-6847-4f1c-85a4-f8c0372f6514,يانوح,locality,0.9005,42.0,46.643140568425714,19.178824672642246,191.8849818321413,0.5227272727272727,1.0976824664969596,20,22.21101931829796,44.53
88171a71-85fc-4bef-94d9-f32c64474aa6,מגדל תפן,locality,2.691,86.0,31.958598102028596,18.76522723927747,156.33709455449892,0.7800511508951407,1.9334863288835868,33,12.26318299263888,24.8
8bcca79f-7f51-42d3-9bca-21cae4bc1d86,يانوح جت,locality,13.5545,101.0,7.451374591918672,7.053286967577153,364.90115635942584,0.6405693950177936,1.1528660638628863,36,2.6559354981096255,19.96
449e6cbc-c487-4f42-8e42-fd63543f6cb4,גיתה,locality,0.1055,8.0,75.7950638720502,39.11404173318836,158.7846114144638,0.7575757575757576,1.5130046411029336,2,18.94876596801255,50.04
0cf756ce-e79f-44ed-a929-71d47be3a689,كسرى,locality,1.044,67.0,64.17534323631288,26.76241720624398,163.39389622887754,0.6417112299465241,1.0914709168266714,20,19.15681887651131,51.97
9c439ada-5823-4982-9952-520232bd6b9c,كيسرى-كفر سميع,locality,14.1569,132.0,9.32406955954965,7.066033281333757,303.1308694644721,0.6302521008403361,1.1611973293132898,30,2.119106718079466,20.01
e1946d99-cbce-4f48-b60e-057fb552b919,البقيعة,locality,5.6484,106.0,18.76652766602934,10.607307280988124,240.61779619625287,0.5527426160337553,1.1576863058265205,76,13.455246251115376,28.84
36fae9a8-df4e-4d0d-90cf-8138b202bb48,بيت جن,locality,7.1988,150.0,20.836892179757662,11.749933765126825,216.8848048592296,0.6462264150943396,1.1322555644509371,111,15.419300213020671,31.18
9687f732-76f9-4485-9362-552f9d1be9d1,حرفيش,locality,6.2279,115.0,18.46532449050428,10.063899474262241,241.9955736975684,0.55078125,1.488773232878611,73,11.72146685049402,22.76
0ddf4c89-90ba-4dd3-9b83-08ddf951af3b,מתת,locality,0.1572,5.0,31.798005615134,28.985757548706125,268.1055822062459,0.7727272727272727,1.0770301809554257,12,76.3152134763216,59.53
b31b8b4e-aa5c-4b0d-be5d-9a0c4c46cf72,סאסא,locality,0.4024,38.0,94.42700174007106,26.547106923249146,135.23138757027925,0.4647887323943662,1.1471900505020907,8,19.87936878738338,58.38
4eec48aa-e6c9-4282-a979-d6a009509536,צבעון,locality,0.1784,34.0,190.5655279435875,34.47515010984343,89.14390398885965,0.3584905660377358,1.3303877523740162,4,22.41947387571618,73.26
f1abb7e1-0c8b-4c56-bf43-110e2e672f19,כפר חושן,locality,0.6557,37.0,56.42961222163467,21.077136285142494,151.86750902612053,0.5647058823529412,1.2830125635130751,31,47.27886429380202,55.0
5e93fd90-266f-414c-a111-7ae2e8a70d5a,אור הגנוז,locality,0.1952,13.0,66.60282996725952,46.20090206236193,120.23747881903368,0.8725490196078431,1.3894266361280827,5,25.616473064330584,52.73
0a536c8e-add9-4838-b53c-eb3c97a1d625,الجش,locality,7.061,99.0,14.020610930021284,9.361091966815408,215.30612918317095,0.7257617728531855,1.145363123541294,34,4.815159309300239,23.79
5fd794f2-98ed-44e9-bc3f-afc1bd7b712a,כרם בן זמרה,locality,0.5974,30.0,50.219593096419835,19.992083487032147,168.20843617060197,0.5652173913043478,1.1013908075135186,20,33.479728730946555,50.24
2c29249d-c33b-4571-8639-13968bace8b0,דלתון,locality,0.6774,38.0,56.0935524159633,22.586351645120622,151.49397580323821,0.6237623762376238,3.2962849587938976,32,47.23667571870594,45.17
e4f15af8-342a-4237-8047-bdeef6af6d01,כדיתה,locality,0.2791,0.0,0.0,21.345424584660375,595.8543243724963,1.0,1.4844346276530727,2,7.164645354261576,24.83
a081b28f-aee0-4a04-ab0b-34c41dd7e572,בר יוחאי,locality,0.2008,22.0,109.54204064099771,46.12234367299527,102.9225912685935,0.7731958762886598,2.160992222218988,1,4.979183665499896,43.9
cfcb06a4-5bfc-4fbb-a96f-4eb683275de1,מירון,locality,0.519,34.0,65.51120898401082,31.433590151446808,100.0851592861252,0.8502202643171806,1.253820830830647,13,25.04840343506296,54.31
67a80768-92eb-4910-ae6e-de96207a36a3,מועצה אזורית מרום הגליל,locality,178.0549,907.0,5.0939357702923065,5.743027381873847,352.61169428422437,0.7330782813419658,1.5906453641434646,399,2.240882439191434,11.88
3eb88f1e-b8ea-49aa-b83a-3ea8a9cc81ed,ביריה,locality,0.2078,22.0,105.89605437963777,34.02322068717198,112.19610356600619,0.7027027027027027,1.6435807356227639,4,19.25382806902505,54.23
9f6073ac-b722-43df-bf6e-d30ba47b2784,צפת,locality,29.9394,659.0,22.01112693041331,10.793737602944796,183.92604447386907,0.6547930853850183,1.2768456181509078,456,15.230764613457467,28.54
eddcfb28-0426-48c4-a39e-f92079acf99c,עכברה,locality,0.0951,8.0,84.08593897188345,48.199968009972324,176.3762118734606,0.7037037037037037,1.0431712931707031,1,10.510742371485431,55.37
0e3347cd-6242-4899-890c-e4ac51bad4cc,כפר חנניה,locality,0.2181,19.0,87.10919744838448,32.09494152499583,120.69747469513625,0.7164179104477612,1.3700508234955249,10,45.84694602546551,65.21
e5b83ede-cedb-4962-a8b1-cf15b804ad26,פרוד,locality,0.3434,30.0,87.3725409348497,24.300691081913904,124.53462309974235,0.5238095238095238,1.129507645769967,12,34.94901637393988,60.71
f38935b0-0d4b-46f8-bddd-1df9004327d5,שפר,locality,0.2613,18.0,68.89530335033069,40.134786485589814,213.99703952126325,0.7,1.4595522951226185,20,76.55033705592298,61.89
cbcce7c1-ebaa-4eb1-83cd-aec39f3e8fec,אמירים,locality,0.4533,12.0,26.47224176321964,16.27635415732627,194.16192095907874,0.6756756756756757,1.1136059836424124,47,103.6829469059436,49.44
aee025e7-1131-4e94-8e46-d935d79c2e3f,כפר שמאי,locality,0.4077,15.0,36.795759110692835,20.39162791782454,230.91007870952737,0.6153846153846154,1.1277118531412118,3,7.359151822138567,36.98
21d89833-948b-4b82-8967-518223695d40,חמדת ימים,locality,0.0231,1.0,43.25645660225698,96.02560345544536,443.9827530877093,0.8333333333333334,1.383765176785277,1,43.25645660225698,55.2
e8d3fe8d-5b7e-48c3-aebd-dc27583f32a0,عين الأسد,locality,0.1861,11.0,59.12380065065607,43.085968057032396,267.2052221562187,0.6666666666666666,1.134278078085096,8,42.99912774593169,62.01
554e7925-e170-47b6-9213-04cd111e69f6,ساجور,locality,3.5686,86.0,24.09929890077543,7.063820691542432,147.4136159257067,0.44155844155844154,1.0762153655981606,20,5.604488116459402,27.38
ba5c6aa7-ebf7-45ce-85c2-a6a85c826f9f,الرامة,locality,6.4911,151.0,23.262489101546027,9.890117413916862,192.20989670244174,0.5505952380952381,1.1067012655080117,86,13.248834852536147,29.94
3510771f-fd80-4f8e-9a21-b0d4ac8556a4,שזור,locality,0.3062,10.0,32.660951819504355,28.25322319864582,123.57798893825807,0.9099099099099099,1.1461422521934728,15,48.99142772925653,57.77
053d61d9-4c1e-4888-90a3-d52635f7495a,رأس العين,locality,0.0401,3.0,74.8605620036593,24.217307299212862,88.22696484952586,0.625,1.0211398234027125,2,49.90704133577286,65.76
b98d5c0f-3391-48ba-be37-c9c9d266edf3,מורן,locality,0.2512,9.0,35.829222630411074,32.04535888490397,178.87833747028915,0.8656716417910447,1.1964316877851515,9,35.829222630411074,53.55
c5e9b40b-c32f-4f19-aa6f-e150b40be76b,חזון,locality,0.3321,21.0,63.2348033482775,31.771681137177275,199.07991567822464,0.6181818181818182,1.1589247758655632,19,57.21244112463203,65.26
dfae2f25-8ecb-499f-949e-7592ac664b5c,כמון,locality,0.3736,23.0,61.56411067285183,29.042243781413056,115.4257057817447,0.7830188679245284,1.146854709087742,6,16.060202784222216,50.9
d31d24bb-fffd-49b3-a6be-838d8d559040,כמאנה מזרחית,locality,0.3268,14.0,42.84130821695499,28.63808383928181,252.93419304789106,0.5333333333333333,1.0897283561521278,2,6.120186888136428,43.76
0c5014f1-c19c-478d-9bf7-0172e7363232,الكمانة الغربية,locality,0.1625,18.0,110.74638212778844,31.85892887621631,112.56834893225297,0.5384615384615384,1.08270159632637,0,0.0,55.91
4c89e83d-de6e-4ed1-952d-3c9374747c11,سلامة‎,locality,0.277,25.0,90.26782086323732,27.39244573263866,158.05077249730093,0.3055555555555556,1.0357849644002626,2,7.221425669058986,59.5
b4a90e38-9d95-4650-b86d-7cdf549d02ee,عرب المريسات,locality,0.0689,6.0,87.0996792563084,51.604429572582035,236.99021632778036,0.625,1.0934846211745746,0,0.0,51.02
a3f199ef-39ea-4d87-8bb1-825ab09f20ca,حمدون,locality,0.0303,3.0,99.02805760406386,88.80198671610546,384.3152660740519,0.625,1.063410703473196,0,0.0,53.85
0c7ba189-d096-4551-8aee-f3803ed92c6d,לוטם,locality,0.2725,22.0,80.71945402134598,39.717551445466924,137.02500940992437,0.7777777777777778,1.5774013174095904,8,29.352528735034902,54.22
cfd76845-5bc2-4f63-a1de-bc0f6e6c556a,المغار,locality,21.1135,203.0,9.614707940317237,6.235606263095733,295.19144522368714,0.5290023201856149,1.1551266275773038,203,9.614707940317237,22.6
4c93ecee-9fbd-4ad4-8389-de8a3d8a5c30,כלנית,locality,0.1365,5.0,36.63568464277389,40.07175665906588,170.90473506993737,0.9,1.1704217827779955,11,80.59850621410256,59.77
563282ad-1a70-48fb-936a-9a349acd4d24,קדרים,locality,0.1608,15.0,93.30883144018176,32.45824776452302,133.7916385320574,0.6153846153846154,1.157525694990128,5,31.10294381339392,63.74
ed36e589-5466-49d1-b1a7-89dc05dea2fa,חוקוק,locality,0.3326,25.0,75.1613181872626,31.310479393928837,104.14425980369165,0.7807017543859649,1.2927013627700217,8,24.05162181992403,55.26
83e8b9b1-2105-458a-b6e7-451c58266822,טבחה,locality,0.0729,0.0,0.0,18.212211475938442,221.3339576029534,1.0,1.4212547865912173,14,191.99566379576632,40.82
ca8fdbb4-01c7-40fd-a04c-6276950454a3,כחל,locality,0.2347,26.0,110.77188836070583,31.194800185249246,91.52421440350179,0.7111111111111111,1.2731438799999706,10,42.60457244642532,70.1
8bce9a6b-98a3-4355-944c-1caeb02dc4a8,כורזים,locality,0.3697,11.0,29.7547790933039,19.15751243376124,133.6285332108926,0.8450704225352113,1.3010883451724513,8,21.639839340584654,37.86
6cce63df-8153-41b5-843d-751de7fbbb19,אמנון,locality,0.2991,31.0,103.62895214187989,25.851298001881172,83.1533963806041,0.7256637168141593,1.0729004173457612,3,10.028608271794829,55.88
166cdb25-7859-46bf-8406-eb288266e560,אלמגור,locality,0.3768,27.0,71.64990406800939,32.705041195730985,122.02293804190816,0.7874015748031497,1.062178124790189,15,39.80550226000521,64.32
22ff2d1e-3a45-41ab-99ac-0b1ca645b7c5,כרכום,locality,0.1971,23.0,116.69521807831558,41.20810697406223,159.2528687056616,0.5660377358490566,1.1288570558642905,4,20.294820535359232,64.52
657666a4-db78-4c34-81ca-e4e9da0b28dc,עמיעד,locality,0.3553,16.0,45.02866588649522,34.75444815807084,237.48596912209842,0.7419354838709677,1.1908207228240675,14,39.400082650683316,56.9
7af98dc7-4631-4644-84b5-060ea86977bf,אליפלט,locality,0.5358,37.0,69.05516554179202,20.077141289158106,134.46753437461467,0.5194805194805194,1.2790396881702324,12,22.39626990544606,46.97
142be289-667c-4909-8767-629db9a3477a,צפת,locality,4.6427,503.0,108.34158788490362,28.64826820584212,103.82980365937672,0.6331145149525893,1.2073798656182482,406,87.44867729874923,72.66
75af8133-6a84-48f2-ae6a-bc09024aae76,طوبا الزنغرية,locality,3.6221,188.0,51.90290742777758,11.391428824556833,117.88982407731676,0.3472222222222222,1.1671592677326383,16,4.417268717257667,36.82
777f1cd4-7ab9-4d22-a5c5-fb90642cc521,מחניים,locality,0.3965,41.0,103.41592174500997,37.524473366645566,109.38862090264277,0.7515151515151515,1.1999853114723187,15,37.835093321345106,67.82
5b680c2f-a45c-412f-9961-a454c42da159,ראש פינה,locality,16.7825,218.0,12.989720888295041,9.02384767981788,247.0517619449887,0.6746268656716418,1.2232463632177664,313,18.65037907356123,27.73
3aca24cd-6139-4ae1-ab86-12e886f39afa,חצור הגלילית,locality,5.489,235.0,42.81276717902617,16.074543582945854,152.91757438014758,0.5969125214408233,1.2971574008940243,136,24.776750367436417,39.73
c4ef9100-b084-4ea6-876a-ab15187e16ca,עמוקה,locality,0.1383,3.0,21.689075788440793,19.44220325429489,224.10133382281583,0.8,1.2119219912701888,4,28.918767717921053,40.69
953c83b7-122b-4bcb-8f45-ecb9bce91de7,שדה אליעזר,locality,0.7085,36.0,50.81248591460023,20.219375424763694,125.65938880339117,0.7464788732394366,1.7394707316527063,19,26.817700899372344,38.28
0354ac76-b419-4d3b-82cc-3a59d4acac58,איילת השחר,locality,0.5461,35.0,64.0853847989773,16.169903215525984,117.74845165683624,0.4852941176470588,1.0626730043777834,16,29.296175908103912,49.82
8f3e89dc-c4b1-458a-ae92-79e7a49248c8,משמר הירדן,locality,0.5731,32.0,55.83252959529168,18.668898458756622,124.41791404988314,0.6831683168316832,1.0576129456406256,18,31.405797897351572,50.31
a0150f04-5bc3-4123-8503-58be61913978,גדות,locality,0.4314,33.0,76.4957517796437,29.6421462608404,138.99476425168078,0.6632653061224489,1.0743246135304034,7,16.22637158962139,55.44
68ee1f98-ad43-47b0-ad9a-b89753ae7f95,כפר הנשיא,locality,0.4767,30.0,62.92647153926567,42.2581541993399,283.7527303792236,0.5945945945945946,1.2150520415864776,3,6.292647153926567,46.88
fd697255-0ce6-4c23-9b2f-73289f49a620,כרי דשא,locality,0.0397,5.0,125.95842161795838,34.899120015113326,92.35619068268164,0.6875,1.0874585364176506,0,0.0,58.88
46db5770-1ca6-4f3a-909b-1d6087872d5b,גינוסר,locality,0.3336,29.0,86.93324397073022,38.94658885716402,112.00142511154033,0.8066666666666666,1.0883636458899673,16,47.963169087299434,70.25
0fa27982-26e1-49ce-946a-96f9e70f4e9c,מצפה,locality,0.1183,3.0,25.351818617601282,36.90257479453441,291.1236890036256,0.875,1.0565734886101992,5,42.25303102933547,56.12
2e7725e8-776d-4474-863e-b981829b5930,עין גב,locality,0.333,15.0,45.044468160461896,34.17992880770027,138.8056348925149,0.8717948717948718,1.2907903239504772,16,48.047432704492685,58.87
a3eefdb7-363b-4f01-90a8-7ac7df51297b,מועצה אזורית עמק הירדן,locality,185.754,1078.0,5.803374625810009,6.663126436915641,285.3163509628434,0.8073624017155111,1.3520738597264756,563,3.0308904585631122,16.53
08f0e467-d096-407b-b926-199c04198504,טבריה,locality,16.1958,850.0,52.482673180512116,17.980931249134404,149.18849929715813,0.5552066980638409,1.2784408567459367,1175,72.5495776318844,53.31
bf3ec688-8a7a-4922-acfe-2cf29187b09d,פוריה - נווה עובד,locality,0.4376,17.0,38.84539169266126,22.492499463143538,106.99397137680091,0.8794326241134752,1.076937458659335,14,31.99032257042692,49.41
faf8ab3d-e1f1-4f63-881b-593f89f61e31,כנרת מושבה,locality,0.4058,27.0,66.53313885690805,30.220306952115326,137.79536703598762,0.7452830188679245,1.1135048889638888,25,61.60475820084079,66.6
96c4a6cc-6d7c-4745-b210-afd0b3caabae,פוריה עילית,locality,0.5135,43.0,83.73724105488726,26.74247444823129,94.05860676423667,0.7724867724867724,1.0227402691690275,10,19.473776989508668,57.02
2a6228a9-e238-4e1e-a533-f5ec2dc4df58,פוריה כפר עבודה,locality,0.1719,17.0,98.91342451763214,30.731299034890444,103.56295310691063,0.711864406779661,1.4290525357615236,4,23.27374694532521,57.66
af7df354-7b71-4936-8829-ba4353d78d4c,אלומות,locality,0.1687,15.0,88.88969823360989,38.8623311930495,84.07639330478453,0.8660714285714286,1.066027038831006,2,11.85195976448132,56.53
c007ab16-f931-4d01-9b90-eb5c5f0b4470,יבנאל,locality,31.2109,149.0,4.773972247037934,4.549237950997112,290.35958888859153,0.757328990228013,1.090120993126985,91,2.915647479734577,18.8
39616ba2-a674-4983-b2fa-1951f38e430d,קבוצת כנרת,locality,0.4797,27.0,56.28422773355527,33.05082011115258,121.95958577426171,0.8439306358381503,1.217704554898509,13,27.099813353193277,53.83
114cc2e0-c162-420f-9640-fb9c4720eaff,דגניה א',locality,0.3715,18.0,48.449598011768614,35.75645242967813,93.5509940322988,0.9113300492610837,1.2646671013089963,16,43.06630934379432,57.95
1023a04c-ac67-459a-801b-ec918d8804dd,דגניה ב',locality,0.3913,26.0,66.43789125414493,29.565676677705028,115.70318971741486,0.8,1.1771816650754248,16,40.88485615639688,61.69
f2919a6b-9b94-405e-bfa9-9caec8929f5d,תל קציר,locality,0.23,22.0,95.63750225039719,30.144690411553587,106.68219111816923,0.6986301369863014,1.5561271062809094,3,13.041477579599617,51.0
1e5f3f03-e600-411e-a498-349e826c7ce2,מעגן,locality,0.1732,10.0,57.735610864338,46.98461352876715,145.31949057268574,0.8765432098765432,1.0970285887302904,5,28.867805432169,56.64
e1a3b7b3-5e35-4ed0-be47-52ecb5af6870,האון,locality,0.1481,6.0,40.514051415238306,45.37497616602925,159.99731515006678,0.8909090909090909,1.3232619967408896,0,0.0,38.25
85610838-1813-4e0c-a688-af7492ae5cf4,מערב ירושלים,locality,51.2173,4687.0,91.51198617700896,31.35132419265994,113.5835931150985,0.6923531342303906,1.2895456591795669,9544,186.34316109950362,68.96
913e159e-b39d-47b7-b44b-4ddb23ef63dc,רמת רחל,locality,0.2384,14.0,58.72292667667,49.205535440760364,141.3371120827198,0.8715596330275229,1.782869618774829,7,29.361463338335,46.75
83cc7769-d6f1-49fb-8506-2081ef1f9665,בית זית,locality,0.5683,32.0,56.31140403440664,28.137052644912487,121.13183445623547,0.8128654970760234,1.3916766054965124,14,24.636239265052907,49.0
402b01e9-1083-4c06-ad99-729681dda1fe,מוצא,locality,0.1411,5.0,35.430444779057765,23.450117678957746,110.31058093865951,0.875,1.0849520127829622,11,77.94697851392708,56.45
63900080-0741-4dd6-85bc-414468330b66,מוצא עילית,locality,0.3351,29.0,86.54686840220549,28.947723665582306,82.90394486204413,0.795774647887324,1.3055215021079782,11,32.828122497388286,60.16
b0500a26-c35f-43db-aec4-5c6626055b0e,الطيبة,locality,18.9935,604.0,31.800391111220055,14.484186495043149,226.42392127568652,0.4197886647454371,1.1320178575779172,351,18.480028609334834,38.83
784d5eab-bf3c-4162-a368-7bef9c69a5b0,שער אפרים,locality,0.6389,50.0,78.26547620531026,20.547260802001446,116.16499075045301,0.5,1.046085696136006,16,25.044952385699283,53.68
21bd358b-be7e-4615-a100-b61ae90bdc8b,בארותיים,locality,0.7968,7.0,8.785398332342963,10.78764202397136,226.1931832534371,0.8793103448275862,1.1744919845080095,17,21.335967378547195,29.87
173c5009-376f-444d-84b0-4ca0733c641a,ניצני עוז,locality,0.5514,26.0,47.152178493763145,22.17862875243841,124.79011964045695,0.8045112781954887,1.2650240048343846,18,32.64381588029756,48.3
9afe2363-d695-4383-b881-9d832d4d9ead,בת חפר,locality,0.7934,91.0,114.69425967960336,31.904916832944792,109.58354529657578,0.5727699530516432,1.4706366039832188,66,83.18484767971232,70.88
d07f19ae-2b67-4883-bb9c-31a0a306273d,יד חנה,locality,0.3509,38.0,108.3000275222128,23.88463232296958,87.29761057450332,0.5632183908045977,1.2769035415131464,10,28.50000724268758,59.83
955cd61a-6b5a-442b-bcf0-dbfbb81c84a1,עולש,locality,0.7614,13.0,17.073142121139274,13.115234837382738,169.25985187951602,0.8488372093023255,1.1391404514643995,24,31.519646992872506,37.68
22d6fca2-1045-4292-b3a6-e03e8fa4cd29,חניאל,locality,0.4925,18.0,36.54475265578669,17.14134706340576,168.8583037063994,0.6785714285714286,1.1359279272838578,10,20.30264036432594,39.82
0a597082-b034-4b70-a098-eb72e5be90b4,בורגתה,locality,0.6213,13.0,20.92258877572191,13.578779956783697,216.33364944049055,0.7291666666666666,1.1753001779577856,20,32.18859811649524,38.48
14a5462b-fed1-4d71-838f-033d0dccc725,תנובות,locality,0.4336,28.0,64.57832077142089,16.99493881202808,116.96349561975387,0.5409836065573771,1.0741797554673544,5,11.531842994896587,42.75
85f5a880-c927-400b-b5da-b2f34c97b2d8,ינוב,locality,0.5296,47.0,88.75426111331353,22.44127525286073,105.16657595091132,0.6147540983606558,1.06452643241115,23,43.43293628949386,64.12
56a48acd-3a7d-4ef8-9f8d-6fe765870048,פרדסיה,locality,1.4745,243.0,164.8000611818634,29.16557853189174,76.5214489699618,0.55,1.3142728899937122,92,62.39343880136393,79.73
93da906a-a2bf-46be-bd7d-17bbdee2688e,נורדיה,locality,0.363,45.0,123.98286230143586,27.532751367082426,80.58955972599358,0.6616541353383458,1.2681088325614267,12,33.06209661371623,67.35
931d5e54-a99d-493d-a0a5-442b5556fdb6,גנות הדר,locality,0.3658,71.0,194.07588093057143,28.31673197352845,71.44336643074908,0.40336134453781514,1.4307805598663366,21,57.40272534566197,80.32
6568c6a1-bb9f-470d-8b03-adc204a881c6,כפר יונה,locality,11.5118,532.0,46.21328315395421,12.501731101751748,115.5039722237289,0.5341506129597198,1.2687835437999897,440,38.22151238296964,43.83
f9897200-9c9f-43ea-8dab-d8da587b32ff,בית יצחק - שער חפר,locality,1.9738,87.0,44.07639229413486,15.21496358290529,144.38457375402047,0.5876777251184834,1.058699531206295,58,29.38426152942324,44.83
faecb920-3ec2-448f-a071-21efd66ee249,נוה איתמר,locality,0.1961,9.0,45.88413545759545,21.46988794275842,183.09728222087585,0.55,1.0681290346015495,15,76.47355909599241,57.47
347fa8c0-7803-42a9-8250-ccc17dd319af,נתניה,locality,35.308,2637.0,74.68566582419152,22.591620612877826,123.24853062682907,0.5812956494125119,1.3433806123184735,4395,124.47610970698585,59.85
6d042a7d-7ed8-434c-8fa5-a43188793797,בית יהושע,locality,0.7662,31.0,40.46169775039557,15.655232699462283,131.8061659737259,0.7155963302752294,1.1635787772436106,28,36.54604958100245,45.69
a032815d-3c06-4c8b-9a3c-9352a4ec9afc,אודים,locality,0.7069,27.0,38.19568499748669,21.24912225061667,143.05437924888554,0.7923076923076923,1.1164716202503189,29,41.02499499730052,51.47
315ac0ed-cd34-4b73-bda5-e8960e6d0d80,אבן יהודה,locality,8.1459,581.0,71.32447726931046,19.54408619704606,109.41828690455704,0.6044928522804629,1.3473373218538591,351,43.08931415065055,54.32
018eaa75-1d70-4f51-b958-6e864edf6b01,כפר נטר,locality,0.6357,38.0,59.77280197054794,23.38901585402026,156.51945421962859,0.6237623762376238,1.2233262801138696,16,25.1674955665465,49.26
fbf8a5c4-0e3f-4ca8-884d-c8d8840561c1,בני דרור,locality,0.6261,63.0,100.63012843399984,28.619388847972917,87.40152629798769,0.7375,1.2906637233850433,48,76.67057404495226,69.85
8b38f245-8f49-4231-a3bf-856c372f42dd,עין ורד,locality,0.8965,70.0,78.08003756340729,19.948071826283755,116.88735167422733,0.48148148148148145,1.106717939393668,29,32.34744413341159,55.81
ddd5ef40-3496-4c3f-b1f4-89dcef1cc0a0,עין שריד,locality,0.3006,54.0,179.64561802362027,35.14202186448213,89.52037008247702,0.5045871559633027,1.1946818690895482,10,33.26770704141116,75.39
c9792acd-c943-4c83-aec5-280e46db0888,קדימה,locality,2.9425,435.0,147.83569033473003,26.05910569438051,70.28209846956835,0.6034639927073838,1.2870922108681297,234,79.5254058352341,77.63
26b17bbd-ece1-46db-b99c-02d19f13b9c3,צור משה,locality,0.7464,80.0,107.18371606014362,24.663028010544238,88.0767512442075,0.6363636363636364,1.3653110907877575,32,42.873486424057454,64.55
15072a4b-bf00-4bcf-82e4-3e31c88a7641,קדימה - צורן,locality,10.8415,763.0,70.3779114051965,18.505290959341927,99.36827775642834,0.6235816477553034,1.4229369655643809,382,35.23507491059641,49.16
1883fee0-63f6-4143-b649-e93b5ec566d1,צורן,locality,1.0091,178.0,176.39850986786746,35.31044964946152,67.86862253041942,0.664783427495292,1.737191721630555,97,96.1272778493435,73.94
31893140-0378-4132-943b-39695d26755b,גאולים,locality,0.502,25.0,49.79910112247568,23.665707085407593,162.7478011580715,0.691358024691358,1.124234545734043,22,43.8232089877786,56.4
6903cc78-040a-445e-9759-88c1e760763c,قلنسوة,locality,8.3643,367.0,43.87700979604139,15.648110942328515,125.85127466634215,0.6949293433083957,1.069841637441868,169,20.20494456547955,41.24
eea94d17-378d-490d-926c-e7db3cb3b203,قلنسوة,locality,2.7943,331.0,118.45471889953932,25.19182836545912,86.69205279818658,0.6031175059952039,1.053858522456024,128,45.80726289770705,73.0
e9101b13-c1d2-4eb5-9ca8-62608674a8f6,יעף,locality,0.0906,11.0,121.43065883503289,28.84876856441626,79.19133668872472,0.6944444444444444,1.9925496758739327,1,11.039150803184807,48.05
1132b4e5-52bb-4aab-a0c8-1391d22dafb7,כפר יעבץ,locality,0.332,28.0,84.34823792429704,19.93904585881427,100.28649513480319,0.5757575757575758,1.126962383868013,3,9.037311206174682,46.87
45e05b5f-8b03-4a05-bbea-fad49d17f4a2,פורת,locality,0.5453,58.0,106.36971546428201,23.544957412647218,93.03124197950609,0.5538461538461539,1.558032939579257,10,18.33960611453138,50.94
304ee14d-b5c7-4763-9636-cdd6a4273121,מועצה אזורית לב השרון,locality,55.1655,1151.0,20.864480781783858,11.988010171828892,208.1601680978218,0.6636469900642898,1.3786198303526433,455,8.247905087499266,24.78
c872df2b-6a43-467a-823a-0ea5647b9195,כפר עבודה,locality,0.1575,2.0,12.701073048969356,28.736020939822325,301.6650202601493,0.9090909090909091,1.3454776410669715,1,6.350536524484678,34.06
8ada8948-dfa7-4d0a-bd92-d66fa9aa51c7,עזריאל,locality,0.3678,15.0,40.783087540849166,17.503477086876334,149.71559213012952,0.6875,1.3604778075810722,6,16.313235016339664,35.94
a5ac34d1-3f94-48b7-9144-ca77324db686,الطيرة,locality,12.0371,559.0,46.43960153658415,19.54908762130152,217.8843618362681,0.38571428571428573,1.15549145011621,395,32.815103053579136,51.54
c9355731-89d2-4066-842e-08ea2376f096,רמת הכובש,locality,0.5428,26.0,47.896817195096915,29.801935881442937,183.8351259051633,0.7547169811320755,1.1653369896171368,7,12.895296937141477,47.13
1964602a-51a7-4d32-9d71-48899a1f5f51,משמרת,locality,0.4914,18.0,36.63349119986017,30.334765232456068,261.492946299586,0.7428571428571429,6.163566651770572,16,32.563103288764594,40.35
bda8ceef-51a4-4026-8349-750776830458,תל מונד,locality,7.1264,411.0,57.67272454711529,18.359865908920327,120.14701308777548,0.6391571553994733,1.175026565298112,238,33.39685752363367,49.51
b788263d-cd2c-4278-86c5-008e28bffd0d,חרות,locality,0.7185,59.0,82.10995970835381,26.08812604366003,142.01202672196223,0.5426356589147286,1.271042088744022,21,29.225578879244576,56.44
92a5c9c4-2a2e-45d5-a7a2-656139414d1c,כפר הס,locality,0.7289,52.0,71.33911639965267,21.45347438227001,128.1779799996293,0.5702479338842975,1.099147020922398,14,19.206685184521874,49.77
04149b0f-f731-4e76-9cc5-76cb96d3066d,תל יצחק,locality,0.4899,56.0,114.30584395685806,41.823773340514244,105.07712785335121,0.7606837606837606,1.1685532464321544,13,26.53528520427062,65.95
95a4c80d-7f40-4aab-b54c-27b137b07257,יקום,locality,0.4937,57.0,115.45027647051457,46.566848472006974,112.70068557763842,0.7625,1.1821604878348244,31,62.78874685238512,75.36
e7e05ae1-05c5-4431-9f9e-24a48d89ec2d,געש,locality,0.3314,19.0,57.337699312844414,32.68355857520708,117.72124516358367,0.8403361344537815,1.522378507157576,16,48.28437836871109,57.95
d46bcb2c-867b-4ea0-a4f0-4ed087398772,ארסוף,locality,0.1456,5.0,34.33029022206459,18.231538233671273,139.75335449694438,0.7619047619047619,1.2417737469572139,0,0.0,30.39
b3b1e371-3970-4070-b057-5a319dd60b2f,שפיים,locality,0.5954,88.0,147.8101357479896,32.92810058986378,77.48624491225956,0.6823104693140795,1.0829420185988676,24,40.31185520399716,79.44
eca6c387-e344-4d71-b1e4-e6340b9b612c,מועצה אזורית חוף השרון,locality,49.8604,1179.0,23.646025501326022,17.25656397465102,223.48544696929997,0.7279021463189476,1.2845636643574625,450,9.025200573025199,30.58
976c4095-efab-48e9-9a18-96aace8a93bf,בני ציון,locality,1.3924,50.0,35.90958643013689,14.586975448028099,144.04750495112455,0.6575342465753424,1.144932944440723,28,20.109368400876658,37.78
797f5687-5dcf-4bfb-b515-255c1ec212cf,חרוצים,locality,0.1983,24.0,121.02059046476194,30.161604825526773,106.81159312180628,0.5714285714285714,1.111146377191995,9,45.38272142428573,75.69
9b14aaea-8f2c-4320-817b-fcdad74b88c1,בצרה,locality,0.9679,53.0,54.75899596967296,14.048977490187108,107.91816809167719,0.5508474576271186,1.319754307137916,21,21.696960667228907,39.2
3d733ff1-0619-4562-80c2-a87710993633,ארסוף קדם,locality,0.078,0.0,0.0,42.0895245553658,273.5167776907403,1.0,1.1232322894942184,0,0.0,33.15
9041654e-f356-46dc-9f5b-41d472b4ba4b,רשפון,locality,0.9967,57.0,57.18979271092518,23.595076172290455,149.78835957363714,0.6566265060240963,1.086164262023297,57,57.18979271092518,60.88
c477908d-dd6c-44b9-b764-4f4bc0699e56,כפר שמריהו,locality,2.7277,94.0,34.460717958467214,54.5909929097247,537.5820469037295,0.6666666666666666,1.3938595071649251,77,28.228460455340166,47.28
193a2d1b-857e-4d75-8d20-4ea7af27efa9,הרצליה,locality,24.1941,2289.0,94.60991252448447,31.177922089036713,104.94173757170023,0.7102164830991264,1.3828778008332847,3373,139.4142572936156,68.18
8223b2b2-ac4b-48ca-8c8f-7fe7d756fff7,רעננה,locality,14.8646,1549.0,104.20744153723433,31.56921554815726,103.1347637567346,0.6747165056698866,1.6447173121639453,2126,143.02454532482903,66.17
6789b36e-aad9-44bb-ad00-5b8f00aa8332,"כפר מל""ל",locality,0.4189,6.0,14.32173559800063,17.320020612330953,186.05416483985465,0.8947368421052632,1.0248820752357644,26,62.06085425800273,49.04
aff2448c-d6cf-4f6e-b7f5-bb39caee14a8,כפר סבא,locality,14.8484,1458.0,98.19210466548726,32.683613609091914,125.36833305452035,0.6217898832684825,1.257839664759481,2579,173.6882290344936,70.77
3b690919-e522-4d22-989e-e5bc6cbbc65a,גן השרון,locality,0.1542,7.0,45.39144565242808,18.819044849255672,96.73872249960898,0.8,1.0363262576955907,3,19.453476708183462,43.86
c37d7867-db66-4f62-ba69-58dd2b854f0b,גן חיים,locality,0.5107,16.0,31.33066940726202,14.357478421180796,143.76670019761934,0.7419354838709677,1.076234432165675,15,29.372502569308146,41.44
0ebd25c1-5fbe-4799-b329-ee936124053c,שדה ורבורג,locality,0.7644,45.0,58.871965481834295,17.67902996483991,137.89113130825334,0.5408163265306123,1.1014169294457758,12,15.699190795155811,43.32
1af63ef0-66ae-4fa9-9bc4-c1c99e8afc40,צופית,locality,0.7239,50.0,69.0740568571656,20.708210196190336,124.91550819031141,0.5901639344262295,1.2874744998327523,25,34.5370284285828,52.12
402eba4a-3ba4-4dd7-a63d-b4727726e6f8,ניר אליהו,locality,0.4502,12.0,26.651885885722614,26.02424008063126,172.31474632216253,0.84,1.2241997361910495,11,24.43089539524573,44.09
921c2800-54bf-41ef-97ee-342807d2d752,אייל,locality,0.4176,28.0,67.04354194913691,31.319348024241574,128.2370804873116,0.7829457364341085,1.1363246666731754,7,16.760885487284227,53.07
61a47ea4-302e-4d98-afb3-c520fd114224,אבו סנינא,locality,0.0351,7.0,199.38489695416632,48.27570848667918,89.20328274054832,0.65,1.0295553941031483,0,0.0,64.56
ce157207-ce82-4267-90ff-eff03f6fc735,נוה ימין,locality,1.0708,25.0,23.347889960311367,11.675307073907403,195.33528869194043,0.6323529411764706,1.4183057082449486,39,36.422708338085734,35.75
1969ae63-823a-4f29-9952-23dc559351f7,כוכב יאיר,locality,3.0635,285.0,93.02994349572144,28.57485195257125,111.65804744879067,0.6030640668523677,1.3089905822164083,113,36.88555654391762,62.78
75578aae-f6b9-455e-a33c-f1356293a349,כוכב יאיר צור יגאל,locality,2.6873,270.0,100.47212326716597,27.446908408385962,99.67354328478447,0.6023564064801178,1.26785566333806,113,42.049444182184274,66.19
4b8b9c3d-d49a-45df-88e4-9526c5fb475a,צור יצחק,locality,0.5287,58.0,109.69324564208051,38.733917865756375,91.84059127894879,0.8079470198675497,1.089298634081986,72,136.1709256246517,75.6
35247bfe-eefb-4252-a585-d3abafb35a4f,צור נתן,locality,0.1806,31.0,171.649540830891,35.043140139896806,80.11152000729236,0.5633802816901409,1.1012339171971464,0,0.0,63.48
fc9a010c-738d-4774-be5c-3639faeea00c,נירית,locality,0.2355,15.0,63.69339702534537,30.625810036252872,100.17328936541233,0.8484848484848485,1.1988519304407614,5,21.23113234178179,53.25
5496a72e-8f9d-4842-b36d-2d4318725aa1,נחשונים,locality,0.3063,42.0,137.13575450486823,17.809254582884805,69.92777817992703,0.3333333333333333,1.064429042374999,15,48.97705518031009,77.92
0adc02da-6eb6-492f-b68c-54ff1f3f1185,כפר סירקין,locality,1.0808,18.0,16.654121354504134,9.84722406378143,231.369851831494,0.5714285714285714,1.0519785434667934,23,21.280266175199728,32.63
a11bfb48-8ea8-47d2-9b27-511003a95bb1,מזור,locality,0.6766,32.0,47.29454583994624,17.546113937508668,141.3320238569666,0.6144578313253012,1.056358157022057,29,42.86068216745128,52.46
50aae4e0-0111-401b-9b86-3eb526277d19,נחלים,locality,0.7659,54.0,70.50130637786785,18.028942795523633,114.125182696691,0.5645161290322581,1.3911305281018986,18,23.500435459289285,44.65
75d02d59-ae53-41a5-8269-10aecb4bb0ff,מגשימים,locality,0.8733,33.0,37.785902652811586,11.050912444422115,128.68295142299394,0.56,1.0988764234830537,20,22.900547062310054,37.6
49180b5b-a6ad-4cc8-9e89-37c829e46802,בארות יצחק,locality,0.4642,26.0,56.006080989601465,22.499909193957173,158.26139652950496,0.6666666666666666,1.1190767178009249,3,6.462240114184784,42.0
5313cc98-643d-4336-afbd-bd206dba2d53,נופך,locality,0.1144,12.0,104.85999979529636,35.862021706812406,157.84572151948032,0.42857142857142855,1.1177332780736176,9,78.64499984647226,76.35
1a482160-4a0f-4af0-842f-c462f9f11393,רינתיה,locality,0.4985,31.0,62.18549754614019,14.47263690245131,98.83195509500976,0.6125,1.109536364477769,34,68.20344892157311,55.44
71b5b48b-22d3-40bb-bfcb-9574c5f3fb7f,אלעד,locality,3.487,252.0,72.2679679910853,23.06727395639647,134.9598885766545,0.5855263157894737,1.0957592131172313,40,11.471106030331,47.98
2ae08383-08fc-4df1-9c93-639d7e010b97,ברקת,locality,0.6643,23.0,34.62051558676084,18.127949027162806,218.9678159208356,0.5740740740740741,1.1146926788299174,15,22.578597121800545,41.32
8b1c7971-5b5c-4788-afad-57be23047cbd,שהם,locality,7.1606,486.0,67.8710487975304,28.1683211548635,142.95049343929603,0.6898532227185705,1.4035183979642267,321,44.828408773677495,59.23
b4dfc30d-2db2-462b-b20a-f3a7472b1359,שוהם,locality,3.0852,366.0,118.62992542441253,32.155398167748956,93.85679768167832,0.6929530201342282,1.410250496707039,265,85.8932520149435,72.57
078db753-5d88-4a81-921d-e284abbc709f,טירת יהודה,locality,0.6013,37.0,61.529630575062924,14.588931056389214,96.40498604224832,0.6105263157894737,1.1097767862232448,27,44.90000068991078,53.35
869407c7-8b06-4c25-b0bc-fe55d0e2ca02,בית עריף,locality,0.4343,25.0,57.559020121712585,19.606771797855004,123.41945381085506,0.6376811594202898,1.2341530582254798,11,25.325968853553537,46.2
19cd0313-5159-4d16-a5a8-bbcb7d637d41,בני עטרות,locality,0.441,24.0,54.42618467590197,16.772338096186427,132.0714457787131,0.5471698113207547,1.3954814302098024,17,38.55188081209723,46.56
f20b526e-fb76-46ff-b46b-4930b495a503,גבעת כח,locality,0.5306,45.0,84.81666918374167,15.760532063119383,91.88841977110444,0.4155844155844156,1.100717467363419,9,16.963333836748333,50.28
2cb9bed5-e9a3-4c67-8f16-2c814407037a,יהוד מונוסון,locality,6.4435,525.0,81.4777334271597,21.042769774876756,110.86559978614353,0.5591939546599496,1.1190310458364852,484,75.11471043570532,63.54
0ac0a135-2549-4b3b-a49b-20d82ea2d4e8,אור יהודה,locality,7.6143,663.0,87.07255737246169,22.090863031468842,106.79830328873268,0.5620871862615587,1.2504327715745038,777,102.04430931885781,63.39
9de04f32-988f-432f-93b8-e1309d1f799c,צפריה,locality,0.5773,31.0,53.69810512867885,16.10555120341241,110.68761757655527,0.69,1.565789868536388,4,6.928787758539206,30.76
719f9920-68ef-4169-beac-b3cbf719d689,בית דגן,locality,1.8677,141.0,75.49538955141286,22.106429398758976,97.37588712201693,0.7019027484143763,1.288559551849516,69,36.94455233367012,55.29
d07f293b-b485-47a9-acd6-0ad94cbeaffd,משמר השבעה,locality,1.0443,44.0,42.131663846501446,11.159924415747842,106.92489225630675,0.6036036036036037,1.2444645952054538,37,35.42889914364894,41.37
6394a404-9394-4ac8-967b-c32ec90104b1,אזור,locality,2.4376,201.0,82.45826981380807,31.874115681723364,178.61203846608612,0.5,1.1223231802961715,263,107.89315901010708,69.66
1538bcbe-45ed-42f3-8fa8-dbb5befa05ea,גנות,locality,0.5213,12.0,23.020501197110026,11.097241464905562,241.02953645289662,0.45454545454545453,1.111669172264518,11,21.102126097350855,35.13
a2a19f1a-c0ff-436f-a732-4b18a2ae3a8b,"חמ""ד (מושב)",locality,0.6843,31.0,45.30123801956273,11.782798702043538,110.45292495478371,0.6125,1.196483351230105,14,20.458623621738006,37.15
febece3d-115a-47df-aaca-649e04130910,גני יהודה,locality,0.578,31.0,53.628914819601405,16.40072152866446,133.52644628391047,0.5694444444444444,1.1133090586612528,22,38.05922987197519,50.18
f0075026-9452-462b-a87c-95ef43a36b0d,סביון,locality,3.6978,195.0,52.73440835859142,16.054571232785424,140.34562454517396,0.4935064935064935,1.1379885582299534,111,30.018047834890503,46.38
809e13bd-db4b-4aa6-ab53-b4ced747097f,קריית אונו,locality,5.3761,621.0,115.51081950752457,27.32130936451638,101.4382812993582,0.5309667673716012,1.1907502634807512,723,134.48361111745615,73.46
98e7649c-28d6-408f-bb6c-6fa7ff714cb8,קרית אונו,locality,3.7868,498.0,131.50774890745157,28.753614811394822,92.66859594942513,0.5376044568245125,1.143567134064567,693,183.00174697362235,78.32
90b1b5fe-9e9f-4e3d-b949-69355d4b57d8,גני תקווה,locality,2.1564,207.0,95.99189332807106,23.51527410140163,93.21524243569745,0.6424870466321243,1.2806975663739597,203,94.13697751496824,65.66
dcf3bb6a-7dca-490b-b4f2-20f05c7444e4,כפר מעש,locality,0.4776,12.0,25.126763900321528,18.032776079401504,287.06881874542955,0.5714285714285714,1.0483854314328414,11,23.032866908628066,40.53
efea3a03-bee3-413e-a1c3-b256095c2b3c,גת רימון,locality,0.1586,9.0,56.755617041809344,23.687865449392504,150.25176372409751,0.7,1.1463685996815898,9,56.755617041809344,59.95
3940d71a-7c4f-4750-8448-c63c51d7db94,גבעת שמואל,locality,2.5756,319.0,123.85308833000506,32.42517468798469,100.37899446628201,0.6114494518879415,1.2927942345809156,368,142.87754390420648,75.38
86365750-df62-4b4e-823a-e843b60715ab,רמת גן,locality,16.4273,1674.0,101.90369038685341,29.957126025714107,106.35702689772705,0.6429942418426103,1.34051573901393,5035,306.5024379317843,70.24
5d16eef1-b681-4ca9-9487-9ba419c0fb64,גבעתיים,locality,3.2409,409.0,126.1985003421203,25.305488816868245,82.25999645422338,0.5611587982832618,1.127215083685931,1228,378.9040548169284,75.2
86f8958b-b595-4ce1-8f9e-27b35663cf47,בני ברק,locality,7.3484,815.0,110.9083487292346,33.01814038924822,129.2652250375333,0.508147254073627,1.1718529952918795,1403,190.92566045044927,74.6
e810ba6e-ce95-41d2-9a2b-8cc226cae7ed,פתח תקווה,locality,35.8675,2796.0,77.95350269991881,23.670389121907057,109.95965735065684,0.6495362246176987,1.3303332016725335,4865,135.63797948322784,61.42
bcb6c568-ba15-4446-a50c-7066d1d99d14,גבעת השלושה,locality,0.3665,19.0,51.840544173006485,23.201361321764693,134.97612854585896,0.759493670886076,1.0656183736331781,13,35.4698460131097,54.04
9d6e3339-a000-42cd-9cb8-e74145d886c8,עינת,locality,0.5155,31.0,60.13986973614096,21.95444561347766,134.72320303838882,0.6836734693877551,1.1319369902879013,12,23.27994957528037,49.0
5b304bf5-91eb-42b7-9bcd-f286f5210745,ראש העין,locality,15.8719,1242.0,78.2515394863161,24.15498769945068,122.25298504515443,0.60471037555697,1.4527325441259953,1000,63.0044601339099,59.96
a61bb81c-d98e-4575-856c-87952ee00e17,كفر قاسم‎,locality,9.3052,601.0,64.58725710040021,18.602392730012884,120.45911592851796,0.6051248357424441,1.1134423321483662,356,38.25800919757483,53.92
92c07097-434f-4b43-a076-e8cce8f5108c,ירקונה,locality,0.2906,7.0,24.087325804224104,14.82544095514297,172.33641879465358,0.7666666666666667,1.0700867922808526,4,13.764186173842345,34.16
d239bda7-eb44-4eb4-bbe6-f7bcc9dc36d5,עדנים,locality,0.2101,21.0,99.94571542841335,27.019859146078165,118.27608943252984,0.5333333333333333,1.0354066334695968,5,23.79659891152699,61.99
887db46a-392e-45f9-b89a-f948f1eb3423,נווה ירק,locality,0.4455,18.0,40.4036352632125,23.75954099975612,196.01817876842694,0.7049180327868853,2.8001410255210764,11,24.69111043862986,33.8
d30e2589-2e73-4b9a-8638-90ecb4fff2b8,كفر برا,locality,2.4452,152.0,62.16176260691765,15.504339147773097,120.73797263460092,0.49333333333333335,1.0832488191949574,45,18.403153403363778,44.08
7e4acff9-32d5-4cb5-8de6-b04d26376ce3,חורשים,locality,0.3119,21.0,67.33124573784764,19.828267201108307,121.2599072354853,0.6111111111111112,1.0745171302695997,5,16.031248985201817,46.98
9158c13d-47d1-423f-955b-973c82e629ae,חגור,locality,0.6252,28.0,44.78423181431462,17.36019634528853,155.0563280153404,0.6056338028169014,1.2727502087562759,13,20.792679056646076,39.76
d5ee761c-4eae-4b72-8672-4652c7e335a3,מועצה אזורית דרום השרון,locality,94.1182,1807.0,19.199267325885366,15.774338997673205,288.17003039760687,0.6740032473389861,1.3128622454837766,691,7.341833825227885,27.6
07cee81c-1dc3-4151-8b4d-b237f3cd1e18,جلجولية,locality,2.4707,281.0,113.73489454300483,24.192589976974286,103.95062644651367,0.45857418111753373,1.1166791720890321,79,31.975290636645486,66.16
e9bc5ab8-f91c-41b7-a597-df0131319663,מתן,locality,0.551,79.0,143.36661169216305,31.725991603573295,91.05274564612711,0.6030150753768844,1.2232816697255033,13,23.591974075925567,69.76
edc4bf14-43d6-47a1-8767-c6e6271a1dbf,ירחיב,locality,0.4503,17.0,37.7517161255206,23.455658392740567,195.59875711923942,0.7166666666666667,1.1264953120358927,18,39.97240530937476,52.28
e50b9088-c76a-4813-a9b0-9cb057914b8d,שדי חמד,locality,0.4423,29.0,65.56900199777029,23.632550211170507,141.24669478423175,0.5245901639344263,1.0564767025635597,12,27.132000826663564,53.87
bee97a0d-36ce-4e72-99b1-cd6fa2c34f3c,אלישמע,locality,0.5789,14.0,24.184115397965698,16.56458261069295,159.81850947310124,0.8409090909090909,1.1418027735618816,19,32.82129946866773,41.88
312d7743-2bf8-42d6-9b4e-95e73a0c7561,גני עם,locality,0.2506,9.0,35.91089473212677,13.006559788682429,135.82117508178973,0.6086956521739131,1.0098793102928072,5,19.95049707340376,38.69
a9fa6db4-5d1f-4f16-b9e0-d7dab21134f0,רמות השבים,locality,0.9256,43.0,46.45479621724559,14.966409024428247,120.46410713103074,0.6324786324786325,1.143610921817835,49,52.936860805698466,52.11
06a796a9-efc3-44ff-acc6-52e381205689,"גבעת ח""ן",locality,0.3595,13.0,36.15758659375187,36.9000992165691,217.49116330964267,0.8571428571428571,1.1419445060844067,12,33.37623377884788,53.45
6653f357-63ec-4115-b860-33bb81fbeb3a,הוד השרון,locality,19.2083,1200.0,62.47286162167815,20.614131957176053,127.56548530688755,0.608355091383812,1.2503078500042522,1580,82.25593446854289,57.48
48c756e8-5746-425a-b17b-a033ca65c31b,רמת השרון,locality,16.7755,1012.0,60.32594508783451,27.34728371272385,152.66732566187034,0.6883276870957807,1.4012703987918222,1349,80.41472324455411,59.28
fef7ddd2-821b-40a8-a21e-7ad55d38c149,הכפר הירוק,locality,0.4582,39.0,85.1219339417455,34.31998381121862,76.33135623699066,0.8617021276595744,1.4921209866985263,35,76.39147917848955,64.64
f7f525b5-f8f2-4dd9-b31c-98846b7f5386,גליל ים,locality,0.3121,21.0,67.29252127306606,38.45539568238697,120.00788409355602,0.8346456692913385,1.125781358147026,32,102.54098479705303,66.57
c4d498f5-029e-4b44-a211-d7d429e9d89d,תל־אביב–יפו,locality,57.0999,6800.0,119.08952648003827,33.732922398646984,100.31490446547538,0.6471748041301303,1.281643953317393,24974,437.37379916359936,74.59
303073f9-c725-4f19-a5d9-891cec0ecef8,חולון,locality,19.0407,2004.0,105.24826599991876,27.700100682657567,100.78905671291513,0.6176302232398397,1.2725600510311286,3589,188.4910312743056,70.43
ba96f5d3-4647-4cc5-b268-b1347090c91d,בת ים,locality,9.4102,892.0,94.79119429530796,28.451676406292894,117.84099283996667,0.5898850574712644,1.171234890799149,2097,222.84432111800535,70.36
4e018ee8-56c9-47b6-9a08-6741a3b8982b,באר גנים,locality,0.8985,105.0,116.8622786144053,24.843374717804696,84.23249503597914,0.6276595744680851,1.148306460122471,3,3.3389222461258656,54.05
76477b06-13bc-4c60-adb6-6693c8dea29a,ברכיה,locality,0.7089,33.0,46.5483584789413,17.056962718403117,132.88313867402806,0.7,1.0956057369250825,11,15.516119492980433,40.45
92570f57-f00f-4b6e-90db-5688502ccb67,אשקלון,locality,52.3197,3311.0,63.283979406237016,16.883161064284266,113.27548569502612,0.5480480480480481,1.3326853509896415,2287,43.71200872910421,51.41
4d11811d-b473-4778-8071-99274ce0ff1a,בת הדר,locality,0.2311,25.0,108.1704215884712,30.65247887227863,107.33791438655325,0.6376811594202898,1.1602546877498814,5,21.634084317694242,62.88
94412b8c-bfb8-42c9-9f66-52cbbc4d2072,מועצה אזורית חוף אשקלון,locality,180.7675,1327.0,7.340920270611608,6.457424597713608,296.19200012252685,0.7015965819653699,1.772522164042022,259,1.4327794650251744,9.76
f412ed7a-9d11-4f7f-b7b8-71d598220337,משען,locality,0.4704,16.0,34.011430457034635,24.27458069116517,187.204802813343,0.8024691358024691,1.1798617796241178,3,6.377143210693994,37.84
12cee1f0-2742-4bf9-994f-46ac4e456a35,הודיה,locality,0.5248,18.0,34.300818062082875,12.016593434609584,134.1688004328395,0.64,1.0388011813030944,5,9.528005017245242,33.1
1f8afd5d-27c7-4747-88d1-252e98f4bfae,יד נתן,locality,0.4148,19.0,45.80034049563967,25.097335091231916,200.22078504769226,0.6545454545454545,1.3884422155073997,6,14.463265419675684,40.85
b58ea64f-581f-45b8-b504-7325f022a810,נגבה,locality,0.5248,54.0,102.8961214554796,21.15276766917303,83.46613690518998,0.578125,1.4038159121784048,13,24.771288498541384,53.53
b42a8c48-a82c-4044-8d91-e8aea7a4a524,שדה יואב,locality,0.3179,25.0,78.65236184098623,23.27181071492198,107.2035890475591,0.7058823529411765,1.1061398360599068,4,12.584377894557798,49.69
0e9d9938-991b-4614-a9b1-d30e5a08d323,רווחה,locality,0.4012,19.0,47.359013088804424,18.852305224236147,171.89480172963155,0.5869565217391305,1.1378392532468427,8,19.940637090022918,42.95
88699504-ba7b-4ec7-8427-2d3bb924d80f,קוממיות,locality,0.3397,6.0,17.662478211897568,28.073045733452677,433.4774038036872,0.75,1.464916332503531,0,0.0,30.27
710be9b0-115b-4896-9883-a0ebfd86f697,אלומה,locality,0.2145,29.0,135.18776141489903,48.715540281809275,88.5617393489712,0.81875,1.0581149861948893,0,0.0,61.17
5f3bcda6-ba68-4135-8676-f77a449ca133,זבדיאל,locality,0.3571,8.0,22.40012207220004,15.166821276024928,174.73201178088343,0.8095238095238095,2.135794862473121,1,2.800015259025005,15.71
c9c0337e-a73d-4e6d-94d7-5260c10835ea,נחלה,locality,0.5538,19.0,34.310146116049474,22.79329760061255,286.8702538965033,0.5777777777777777,1.4376784447693154,2,3.6115943280052076,31.94
cf1792b5-80c1-4e6e-a4f4-fb6b460bfcf3,מנוחה,locality,0.2941,10.0,33.99749395166695,22.34464776671987,226.635850424603,0.7222222222222222,1.2457543826660828,5,16.998746975833473,39.81
d5c1486f-c130-47a0-b39f-2582a90c1ca3,סגולה,locality,0.3717,20.0,53.810457654241716,19.041806523886944,138.77181932530942,0.6666666666666666,1.1072816631617493,5,13.452614413560429,42.23
d1b6929a-7afa-4928-8abd-b82bf55f5c7f,ורדון,locality,0.1359,11.0,80.96460941400386,24.03282595000174,85.92483456770762,0.7659574468085106,1.2813141281768694,5,36.80209518818357,57.72
0afe16aa-51af-4920-a431-4c9510014f8b,זרחיה,locality,0.532,25.0,46.9915432678391,24.906374185987275,200.76447782178005,0.6835443037974683,1.0696903290847126,6,11.277970384281383,44.47
d6a55218-a3ff-44e8-bd3c-51c4b37d9d14,ניר בנים,locality,0.605,16.0,26.44732506230055,15.011609607679704,174.64740919856192,0.7647058823529411,1.1483289126055096,11,18.18253598033163,35.35
d7813619-4e62-4d03-90e7-0ba3f1b1bb35,עין צורים,locality,0.4681,45.0,96.12643177900586,29.493474929770258,102.27320548551307,0.6739130434782609,1.155637480322593,8,17.08914342737882,58.39
f3b20ba0-fecb-4929-b2b7-49f172b79ac0,שפיר,locality,0.6698,20.0,29.858807602823283,23.009847169327017,244.6418317922799,0.75,1.0541378976741047,8,11.943523041129314,40.28
b4a08c01-e44d-4c2c-b979-0a71a7eedf42,מועצה אזורית יואב,locality,198.4185,862.0,4.344352797238509,5.943992180217292,436.0066763827278,0.7317149081854964,1.3835366070437822,134,0.6753402260208355,14.35
e62822eb-d865-4f55-850e-e31c8f5b6656,קדמה,locality,0.1505,14.0,93.03578904943294,45.21138234518011,107.9904191401675,0.8390804597701149,1.1222097266614277,0,0.0,51.77
38cc3275-604e-496f-a521-4b628d9646e4,תימורים,locality,0.2851,36.0,126.28953374367258,25.171661467820837,84.41664687942212,0.5384615384615384,1.0507274622467382,4,14.03217041596362,61.89
c5d14811-7bba-4e4c-877f-a7af920922c9,אביגדור,locality,0.7755,8.0,10.316179376165252,11.032436090241697,316.86827394807443,0.7575757575757576,1.0827841323237546,8,10.316179376165252,27.3
6a246b41-dffe-4e11-92eb-900ed8e30628,כפר ורבורג,locality,1.2999,37.0,28.463938149595112,8.179690898274227,123.63606615008224,0.4788732394366197,1.1537237075027698,7,5.38506937965313,26.63
9da04d25-531e-4d86-9b09-29fb99409914,מרכז שפירא,locality,0.7706,126.0,163.51676052076064,34.40893191029034,80.83614954763961,0.625,1.4299219059665882,7,9.08426447337559,62.18
870f2e16-ba8e-4cbc-9091-9d7ccdcba8e3,משואות יצחק,locality,0.5859,83.0,141.6516145429318,26.440867696011267,77.07902439243024,0.5951219512195122,1.515607323150599,4,6.826583833394303,55.95
406f4f12-b6a3-4fbd-ba85-e268ca36bdbd,ניר ישראל,locality,0.6491,17.0,26.189583487533973,17.023331681175193,256.97829019634423,0.6458333333333334,1.042682784125755,47,72.40649552435863,50.95
1fa531e9-2e96-4d71-936e-be6d839d407a,ניצנים,locality,0.4516,22.0,48.71077163063972,23.82522893659372,141.58627684511694,0.7349397590361446,1.1985495627675178,3,6.64237794963269,40.3
d58cf9f8-0ec4-47b0-ad74-547c1a2aecc5,ניצן,locality,0.666,77.0,115.60844081068021,32.701776261954194,95.95037289121106,0.7027027027027027,1.751321945562806,8,12.011266577733009,51.66
e78951ab-8041-49c5-9360-ff40dda5d1ec,ניצן ב׳,locality,0.3896,74.0,189.92552410289488,25.722846196473082,51.929016589517104,0.642512077294686,1.0537808661558723,0,0.0,61.34
1b276027-76e4-4db9-adc4-1810f5296470,עזר,locality,0.1411,10.0,70.88989179996041,44.364925201424626,127.72013241587052,0.8571428571428571,1.4208700417801075,1,7.088989179996042,45.7
04d3d8a0-47d2-44fe-95ba-cf794bf76cf7,בית עזרא,locality,0.675,15.0,22.222598080434068,22.522755614226227,276.4109619738399,0.7857142857142857,1.1438370419591526,4,5.926026154782418,34.67
2ceea7e7-1203-4f0b-867c-f44fc159fa6e,שדה עוזיהו,locality,1.1216,17.0,15.156926341209898,6.91961870962546,119.40062193399397,0.8089887640449438,1.0441749915152112,9,8.024255121817005,25.19
0b1a599f-70c3-415e-b08e-19b37754b066,עזריקם,locality,0.8136,36.0,44.24662063798762,14.959466610977392,144.8969409118869,0.5662650602409639,1.226943023956904,7,8.603509568497593,33.86
1769e930-7b66-49d4-9dbe-71de72b4b8c9,אמונים,locality,0.9712,16.0,16.47382286976259,9.84530023212452,180.41751033189357,0.746031746031746,1.0834109007408592,21,21.6218925165634,32.26
e6b51247-fd11-4be0-8379-a7ce70b14366,גבעתי,locality,0.8386,13.0,15.501124269861887,10.521809865542728,180.0837492800406,0.8,1.1278103242298132,5,5.961970873023803,25.58
af1724e0-e9a8-49a9-abfd-77630da1853c,מועצה אזורית באר טוביה,locality,127.0396,1138.0,8.957835412945661,6.557652093086802,236.00046032835186,0.728400954653938,1.2990989154220551,428,3.3690277300006524,18.02
ec5da555-369a-4e0f-a31b-859610f5085c,באר טוביה,locality,1.7249,49.0,28.406783240270112,14.209206280761947,182.9106712043345,0.644927536231884,1.4561691548233306,40,23.189210808383763,32.59
bb9778b4-04e8-4154-b89c-a9f2fbd4f33b,אורות,locality,0.4252,4.0,9.407363944641347,16.16164983540156,286.3297648258418,0.8888888888888888,1.034055649969159,4,9.407363944641347,30.91
a822a968-707b-469d-8507-67cd30db168c,כפר אחים,locality,0.5073,27.0,53.2217464938472,24.09964030253063,194.06385458822106,0.5344827586206896,1.0700577912118525,8,15.769406368547317,46.97
df1e2ef8-2ba9-43e5-add9-8383ac6e443d,קרית מלאכי,locality,4.5783,460.0,100.47402725937923,22.504770974203886,85.08137028752469,0.6456086286594761,1.363705499347999,290,63.3423215330869,64.64
0ea5c8d8-3e8c-40ae-b2e4-ff79235e14f6,ערוגות,locality,0.6593,29.0,43.988988039029906,28.433954341870713,195.26304401044672,0.7456140350877193,1.1395251843374428,19,28.820371473847178,52.19
7ab6cfc3-db4f-4d09-b3b4-2943e44a2527,כפר הרי״ף,locality,0.4691,22.0,46.9024860617448,23.001092993922736,220.18068148061903,0.56,1.1683468984211818,6,12.791587107748583,42.31
96b5ffa9-2bf5-41cf-8a1f-6e24223da935,ינון,locality,0.5256,20.0,38.05132232635223,23.103451365941062,238.10413022037935,0.6428571428571429,1.214579909883429,3,5.7076983489528335,37.08
b8e11b9e-f58e-4a25-b2f3-1b3ac00ee6a6,תלמי יחיאל,locality,0.4708,19.0,40.35947377696234,23.276126077832448,260.8972589934864,0.5681818181818182,1.1077490724839698,5,10.620914151832196,41.22
1432625f-7415-483e-af5d-92d7ad1b121c,בני ראם,locality,1.0366,87.0,83.93051952806728,15.084185755955591,81.01471418079622,0.5693069306930693,1.0652364219279773,2,1.9294372305302823,41.64
36703bf1-a266-4789-ab4d-0b5fa00969b3,חצור אשדוד,locality,0.6073,44.0,72.45256858635844,25.56112319660945,80.01604719885889,0.8382352941176471,1.166800450270417,11,18.11314214658961,51.27
6bddce51-7bab-469f-bff4-b287a6186673,"בני עי""ש",locality,1.9823,190.0,95.84871702694474,21.605181584087244,115.43866828702832,0.3493150684931507,1.1420173010063215,30,15.134007951622854,57.02
3eee1c95-2b96-45f4-b833-ab6c8c76477d,חצב,locality,1.257,20.0,15.9112088745267,14.912139186651132,249.9225848351465,0.797979797979798,1.098676259849488,10,7.95560443726335,29.83
029a352b-29d6-4e03-8de6-113c937999d4,גני טל,locality,0.4839,39.0,80.60014179880372,31.277434212857713,118.23606043422032,0.7272727272727273,3.4084361164035837,4,8.266681210133715,39.43
d5400586-496c-42ee-82eb-f5b7751377bd,חפץ חיים,locality,0.5024,62.0,123.40651627073218,30.177863154017142,73.24394644220784,0.7489878542510121,2.1629460851321256,5,9.952138408930015,48.66
993407f3-4149-4b93-bd7b-937c4a92766c,קדרון,locality,2.167,25.0,11.536944601181228,14.50436799269192,182.73408558950194,0.9038461538461539,1.4189944870456177,19,8.768077896897733,24.2
c39547a0-665e-4584-b886-0273fbc902d2,גדרה,locality,11.4338,764.0,66.81926270828794,17.90724301695093,120.58206605558688,0.5048606610499028,1.2247846981304502,509,44.5170218828777,54.74
291af6e1-1f8d-42c6-aaf6-32b85f0cdb3a,נווה מבטח,locality,0.4945,18.0,36.40190555294247,10.997709330974136,143.10902637950738,0.47058823529411764,1.0299354170741735,8,16.178624690196653,36.52
68ca897c-e2b0-4b60-b34d-19cf4eb9c0ad,כנות,locality,0.2563,13.0,50.725578902498505,33.184712574324465,109.03346100169706,0.8849557522123894,1.2540198753156397,4,15.607870431538,47.58
dd8b79cb-cf46-4e4f-aca8-40975b768237,ביצרון,locality,0.9534,28.0,29.368823191377874,22.663927433372294,225.07923197983573,0.7565217391304347,1.9465936675242006,18,18.879957765885777,29.34
28d68232-7503-467e-b39f-86b999b3bc70,קבוצת יבנה,locality,0.6046,33.0,54.57792182966484,28.54658122298603,143.83673055235798,0.7843137254901961,1.094195172752421,30,49.61629257242258,63.38
0133fa53-a316-4f49-b2c2-519205a4b9c2,גן הדרום,locality,0.475,20.0,42.10411510849953,16.18214481911509,105.29764899652658,0.7802197802197802,1.3096605839910864,7,14.736440287974835,35.46
16eb77f2-649f-4d29-a89e-cb46d6c7b78e,גן יבנה,locality,11.4541,497.0,43.39063559598133,14.63951923091145,154.26153456762367,0.5025025025025025,1.1900451905269027,368,32.1282774634228,43.44
e15a32b4-565d-41e7-bce2-9cfacecbb2af,שתולים,locality,1.2074,38.0,31.472587890680764,12.127513278329635,152.5287346143827,0.6237623762376238,1.031480892909901,19,15.736293945340382,35.2
248ef38a-2ef7-4f18-9cf4-71a8f9b1d9ab,אשדוד,locality,63.9185,2996.0,46.872157013178544,15.53785861627486,115.13532222878503,0.6647269471799463,1.3992243385292427,3179,49.73517594956428,48.64
e33fd925-dbb4-499c-81fd-4a3e4c67dfdb,פלמחים,locality,0.2379,28.0,117.70665386323128,45.09515794073216,105.16876113483227,0.7565217391304347,1.1443636717866728,10,42.038090665439746,73.19
832a8ef7-0718-474d-a08f-36ce16a62d73,ראשון לציון,locality,61.9177,4349.0,70.23836844392424,22.14934276191961,104.3155792055458,0.6949140652402666,1.4099215745431184,5696,91.99304360924177,57.67
e21b8bd1-62c6-44f2-9b79-28af1924f8dc,בית חנן,locality,0.336,29.0,86.31150452095576,32.71702686090218,126.3525144281654,0.71,1.6103270667160132,12,35.71510531901618,57.39
ac8f01ff-769f-4452-8e4a-e0b6efb15d43,אירוס,locality,0.3467,61.0,175.95602319173724,23.14684324482309,69.77817833076516,0.4077669902912621,1.0944019746535627,3,8.653574911069045,65.24
eefb63ea-c520-48f8-b23d-22e929808c1c,נטעים,locality,0.1831,12.0,65.52104297519898,22.65936763083877,143.10349207489404,0.5714285714285714,1.0939549181646984,9,49.14078223139924,61.46
5f8676a9-3b2c-45db-b788-ff6570fe14b0,גן שורק,locality,0.3646,24.0,65.82370030375574,23.638599529238114,148.6013307552733,0.6,1.170924162338361,6,16.455925075938936,47.94
2a762d2f-2dd9-43b3-bd07-36504ea3da3f,מועצה אזורית גן רווה,locality,43.3909,439.0,10.11733121890367,9.860790749396259,288.51549619657766,0.7508513053348468,1.245988556666791,159,3.664363698873995,21.37
5922e275-b4b8-4931-9ea9-8452a990b765,עיינות,locality,0.1678,6.0,35.7509452326052,25.38386998394836,133.12866529888646,0.8636363636363636,1.1091147215457224,10,59.58490872100866,57.44
85882ae6-e0c7-4fc6-9da4-f6ad4254b13a,בית עובד,locality,0.1731,18.0,103.99912236961644,18.788695384419857,70.69384843243016,0.6538461538461539,1.1149037334375567,4,23.11091608213699,55.85
9c398b0f-37a4-417c-97ff-aa0560da69f5,נס ציונה,locality,15.6773,1327.0,84.6447031668869,26.926348507066624,109.58782830437852,0.6734744094488189,1.326020396595506,880,56.13213171579538,64.99
5fba839f-2ddf-4eba-83bd-f9a4d078c15e,גאליה,locality,0.6813,15.0,22.015481589226255,22.333698473883256,144.9220331829237,0.90625,1.0837507513845668,10,14.676987726150838,38.91
b83f2239-6918-46a9-aed2-7d5974a33c52,גיבתון,locality,0.2751,15.0,54.53094802269164,16.248509492303835,109.01289742940307,0.6938775510204082,1.0743560958270402,3,10.906189604538328,39.99
71a23ab9-6956-42af-ba77-956f8416f12b,גן שלמה (קבוצת שילר),locality,0.2876,39.0,135.58637810836325,34.80370048437625,95.34209064134872,0.6486486486486487,1.1325695371035973,8,27.812590381202718,71.25
e83f0ee1-5aec-481c-b5a8-50495beacc8e,גבעת ברנר,locality,0.697,51.0,73.17071301429831,33.29244833694968,110.49924961440084,0.8038461538461539,1.6730474668217334,32,45.91103561681463,57.9
b14bb032-9917-40c1-b62e-1f0b3bf428e0,כפר הנגיד,locality,0.7779,28.0,35.99642455884132,24.28253941488721,160.07030075469655,0.8333333333333334,1.116936432905871,13,16.71262568803347,43.32
a4cec373-864e-4063-960c-b39c62127735,יבנה,locality,29.8913,994.0,33.25386905341806,15.470311566019587,159.8434441603527,0.6882057716436637,1.4554335961056852,842,28.16877036516902,36.4
4cd9d2ed-588c-4088-83cd-5151f220eb5b,מועצה אזורית חבל יבנה,locality,36.5173,442.0,12.103849801049593,11.424836404935496,326.19566794733254,0.6815561959654178,1.3275679485098109,86,2.3550476988467532,21.07
38560234-b9f9-4d76-b392-f730043026f8,בני דרום,locality,0.4209,58.0,137.7855435594823,34.627977226053844,98.48945801523226,0.5857142857142857,1.0783749317952238,3,7.126838459973223,64.23
5c0feccf-00cd-47d1-9c7b-f46946b39ed3,ניר גלים,locality,0.4213,70.0,166.14549135038854,28.766801555026795,70.46486270771454,0.5238095238095238,1.1913115213768029,8,18.98805615433012,68.9
5707d011-bf8a-418e-a893-1739c6508686,מועצה אזורית גדרות,locality,13.7216,206.0,15.012842173809542,9.975179179067167,239.71151603125054,0.667741935483871,1.3301835102842647,81,5.903107845041616,22.06
220fdc60-6f5e-4ee7-8d88-25c3fc6be673,בית רבן - גבעת וושינגטון,locality,0.1779,19.0,106.81625730263478,30.546888747984323,74.43211628887224,0.7934782608695652,1.268103083139965,7,39.353357953602284,68.08
59237860-c2f7-4fd7-a209-215569c5a16f,משגב דב,locality,0.4352,21.0,48.2546166260603,12.585107787350108,116.5304723123948,0.4878048780487805,1.4620644465922452,6,13.787033321731514,31.99
12fd7560-0c47-4b40-9d9e-0a75f46467e4,מישר,locality,0.4769,15.0,31.452287738267618,21.827165987661495,247.84894787415513,0.6875,1.0728220652269544,6,12.580915095307047,39.78
975f7dbc-39db-40d6-95b0-b821e68d1da9,עשרת,locality,0.6678,54.0,80.8679306399714,28.05583013972416,145.22816270652496,0.5909090909090909,1.108719689681676,26,38.93641104887512,63.82
cdf2c440-4fe9-495e-8e81-20a1b1563a21,שדמה,locality,0.3275,10.0,30.538703955778537,22.334583347109948,221.6222263240361,0.7560975609756098,1.4451640014390001,8,24.43096316462283,39.09
3d3aaa15-bee5-4e87-9f47-33bc1e3a9845,כפר מרדכי,locality,0.0329,6.0,182.62743196225637,39.781959202751786,81.68671344026276,0.625,1.3687340724179655,1,30.437905327042728,71.64
62a58468-9313-4896-919f-0b16dcc7c7b1,כפר מרדכי,locality,0.4155,13.0,31.284459822595803,28.49406051962714,328.90201437577633,0.6976744186046512,1.193565415704391,3,7.219490728291339,40.24
e4f9028f-8f6a-4915-8590-dd14e7666ccf,כפר אביב,locality,0.6404,7.0,10.9313373100379,14.022326749157775,256.55281419742704,0.8205128205128205,2.162319088983092,15,23.4242942357955,20.9
163fd5f6-2bed-4239-afc4-6aa9ba306ea0,בן זכאי,locality,0.6027,31.0,51.43413883490791,22.063441158126093,112.6941734260488,0.7960526315789473,1.2424562518421263,8,13.273326150943976,41.67
3d5d639d-ead1-4748-80a0-2565accf5be9,בניה,locality,0.4319,26.0,60.20075371216249,18.30200994800149,108.27977540341114,0.6533333333333333,1.2822189948183726,6,13.89248162588365,40.57
57b0bccd-fe65-4508-ae01-2af26a55440e,בית גמליאל,locality,0.5871,22.0,37.47367572165486,25.08210567689273,223.1086684529906,0.7027027027027027,1.0849606948393489,3,5.1100466893165715,39.99
a8521d15-0372-4cc4-8508-541c3e085856,בית אלעזרי,locality,2.2023,12.0,5.44880284056637,14.231904846054118,179.10393808360462,0.958904109589041,1.6909241084361906,19,8.627271164230086,18.66
fe992037-c698-4108-9135-a92db267a8b1,מועצה אזורית ברנר,locality,36.9183,323.0,8.749050966071403,8.834803227645136,248.79162994141103,0.8089887640449438,1.6255494719298822,113,3.0608134958701814,14.48
9122456a-d07e-46b7-996c-21c87d04c1fd,גני יוחנן,locality,0.3814,15.0,39.32478639887903,30.579917572735567,128.17986352473378,0.8928571428571429,1.537824653820521,11,28.838176692511286,46.33
0120865c-b562-4957-8072-b87fc496ce31,מזכרת בתיה,locality,7.4255,348.0,46.865575067433234,28.52669640976197,246.594627176639,0.5934579439252337,1.2929008865561256,245,32.99444221701478,52.2
1ef42775-a115-4338-8173-473a3cf686a6,פדיה,locality,0.3676,13.0,35.36689759196762,31.562496712989127,290.0398997409141,0.6578947368421053,1.5973149303736136,4,10.882122335990038,37.47
66fb5c62-1eef-4fe2-9fb0-a6d3909dd140,חולדה,locality,0.4254,37.0,86.98341989490108,23.187899012643797,106.05806447613293,0.6542056074766355,1.0810320308734367,10,23.509032404027316,56.04
41f2f501-c110-482f-bb93-e5935d4bdc91,נצר חזני,locality,0.3018,43.0,142.46880289322075,27.38873034338298,69.4662122955465,0.6532258064516129,1.2739705559188539,2,6.626455948521895,60.29
3974acd2-6082-4cf9-81c4-eb820ce434d7,משמר דוד,locality,0.3184,54.0,169.59621379313143,31.672970897499678,86.19469700081537,0.509090909090909,1.085239467732337,2,6.2813412515974605,66.23
2abfc45b-2d19-4520-a338-f38c56c278d3,בקוע,locality,0.6999,10.0,14.288737366514708,21.48705614027087,341.7672062127572,0.8305084745762712,1.2967859504121206,2,2.8577474733029415,28.87
9cd87da3-fffd-4275-9928-52a587256161,נחשון,locality,0.4009,12.0,29.93529033907818,19.8696502920541,241.364867254909,0.6756756756756757,1.1446570008197596,3,7.483822584769545,35.06
9cec8126-bece-42a3-9172-a05f98d21894,כרמי יוסף,locality,0.8798,41.0,46.60407117328926,20.349584967714012,139.86388465363865,0.7284768211920529,1.1144539214069868,16,18.186954604210445,43.45
654aa489-918d-4897-9b3e-4f71ff8e909e,מועצה אזורית גזר,locality,111.7256,1157.0,10.355727749222341,11.018428111510849,323.1925970696383,0.7427173671336447,1.3322753462798425,419,3.75025922811077,20.93
d47c9eb9-bdd6-41f8-91dc-ff35d678db3c,בית עוזיאל,locality,0.359,10.0,27.858264348998667,28.006291683245763,324.29470574972936,0.7435897435897436,1.0656216008389487,8,22.286611479198932,47.17
76abc1d0-3177-4e1e-ba00-6fa43bc23c71,גזר,locality,0.4003,28.0,69.94058757875007,23.314245908596334,112.45325618236792,0.711340206185567,1.1931463010198353,11,27.47665940593753,52.62
aca78140-e446-412f-b7b0-edf54416676d,כפר בן-נון,locality,0.324,18.0,55.55962323345225,22.821988900531508,136.921908227235,0.7049180327868853,1.175213197615318,13,40.12639455749329,54.75
514a28b4-325e-47f6-a795-7d58322091e3,משמר איילון,locality,0.4489,10.0,22.274830933122235,28.28365785048004,384.77532938271406,0.7297297297297297,1.301767686022489,11,24.50231402643446,43.59
fe1085ff-0210-4129-b8c8-fc1204e0378c,כפר שמואל,locality,0.644,11.0,17.081776776862405,22.01867944998732,221.54958350659956,0.8829787234042553,1.2194857690557603,5,7.764443989482912,32.91
ffd75ecd-80cd-48a4-a567-dcab9b25a2f3,בית חשמונאי,locality,0.3388,42.0,123.95304025047167,32.02777708380438,68.25300544847892,0.7514792899408284,1.703242667311038,17,50.171468672809965,69.24
21b41732-8d94-43e3-be35-fca22ea76af7,עזריה,locality,0.6596,24.0,36.38800181478213,11.240654663275153,119.57845836453306,0.6470588235294118,1.060882669701969,8,12.12933393826071,33.71
c7a92b3c-3d14-4f9f-95a1-5b7243f09970,"יד רמב""ם",locality,0.5963,30.0,50.311717826173286,16.31291330135195,92.63910224488843,0.7478991596638656,1.8076455234104976,14,23.4788016522142,33.21
3a35db8c-34ff-425e-97e0-194c995134ba,נען,locality,0.6919,33.0,47.6958377915049,21.141239256129705,152.36761383797236,0.7155172413793104,1.087124258087029,20,28.906568358487817,48.89
162da0cf-bff2-47cb-adbc-d8c5cddf3fb9,פתחיה,locality,0.3875,27.0,69.67635815054858,19.493354966541897,118.02797024409514,0.578125,1.1877251896852188,23,59.35393472083767,59.11
438a3042-8f30-4e8d-a9d9-4503624c4e6b,יציץ,locality,0.5546,15.0,27.045232818409577,16.494664752625486,228.70941151684647,0.6808510638297872,1.0937268419772368,5,9.015077606136526,33.61
e91b1aba-e2d9-43f0-a8aa-55d2b978f9dc,רמות מאיר,locality,0.2604,24.0,92.16294927586466,28.61359269699531,128.46927551606967,0.5471698113207547,1.0932305946694174,7,26.88086020546053,61.86
78620529-7ef3-45a2-96c2-7e8b18fbeb29,גני הדר,locality,0.221,7.0,31.67720379978515,14.213556751466522,149.5666183301499,0.75,1.0233117310366397,2,9.05062965708147,34.08
e7d79e20-9921-496d-bc54-60dd4525e8da,"כפר ביל""ו ב׳",locality,0.4344,20.0,46.04197755937841,19.870373984362317,98.08427714754397,0.84,1.1020376542545576,22,50.646175315316256,55.92
8c7b464e-7de1-4713-bae9-032b2a13892d,קרית עקרון,locality,2.8123,288.0,102.40603242373747,30.06362551795686,105.16040541897884,0.6571428571428571,1.454750115338778,211,75.02664181044655,68.66
70bc62ff-f966-4667-9fde-fb618f357d5c,"כפר ביל""ו",locality,0.1574,7.0,44.46270325803865,23.642961275169387,132.93704353712934,0.825,1.1543019072911958,5,31.759073755741895,50.04
7aca68fd-6f85-4de1-9de6-a20f5d68d081,סתריה,locality,0.7191,24.0,33.375972714106666,20.8390913910483,108.58679200702475,0.8851674641148325,1.270500667885701,29,40.32930036287889,47.64
0ced9e57-7b93-49e7-ba40-ae889b511944,רחובות,locality,23.757,2111.0,88.8579108208239,25.79488898180979,98.82437283836697,0.6853480399463407,1.4401978929491144,2362,99.42320481230983,63.37
0389ed40-6dd0-4c40-817f-0fa43594f263,נצר סרני,locality,0.5747,27.0,46.978091011173476,28.43213987776625,123.79525965868682,0.8457142857142858,1.2792273742828875,16,27.83886874736206,50.3
a5722b1d-82e1-4cf2-bb5b-9efb704477f1,ישרש,locality,0.6303,28.0,44.423125661785356,23.625116668231893,161.85832923531666,0.7586206896551724,1.1886116792745332,22,34.90388444854564,50.77
2d5eade1-5fdb-449a-8be3-b5f9fd2206c1,מצליח,locality,0.6526,38.0,58.2283538332453,28.024358279437866,172.5356703576255,0.680672268907563,1.1634685577178139,20,30.646502017497525,55.14
1537c6f3-8f06-4c85-82ab-2ddc49705f48,רמלה,locality,13.3905,1414.0,105.59746678373784,32.79655864420624,109.68067541778666,0.6706266014442115,1.3401794784784613,878,65.56900695623892,71.02
cabebace-d0ba-45a7-9194-20bc6e55954c,באר יעקב,locality,9.4635,702.0,74.18006578836707,25.98861206407307,120.85609867786995,0.697022011221407,1.3822906074964776,446,47.128645785771674,60.28
bdbb6f1b-1f01-4ec7-9819-880c3d27ad1e,אחיעזר,locality,0.5597,25.0,44.665143281238755,16.56190305750837,142.61596955633073,0.6527777777777778,1.1017494567525332,6,10.719634387497301,37.74
6b00edbf-bd0d-4193-b4b3-35a2fceda688,מועצה אזורית שדות דן,locality,29.3481,653.0,22.250139198269654,14.682188859100819,228.1073594656703,0.6918357715903728,1.1963736619085201,206,7.019186332072816,29.1
36bbbace-69d8-468a-98fd-0ebfe14b7f9f,"כפר חב""ד",locality,1.0478,137.0,130.74712688581036,26.06273438486636,71.11761219468316,0.654911838790932,1.10157818561816,39,37.21998502588762,71.89
6ce5e533-e12b-4c50-924a-60f527c63c5e,יגל,locality,0.4089,9.0,22.010561411276726,20.2194996804252,183.72543346455575,0.8656716417910447,1.4924894582897625,17,41.57550488796715,42.12
4fa04c49-9a49-423c-9ba0-e4a86adab939,זיתן,locality,0.6005,27.0,44.96261287526431,18.005381338868375,144.16282478900555,0.6931818181818182,1.096572122249107,26,43.29733091692119,51.87
857bdf33-c667-47a6-bcae-4a70e7040c0d,ניר צבי,locality,1.0151,40.0,39.40338409383438,17.33726468286262,75.86108743585115,0.8910081743869209,1.063972844488036,22,21.67186125160891,42.15
84b24c19-0a9c-4b7b-85ce-5159b9a41ecb,לוד,locality,14.7817,1154.0,78.0697572196405,27.49431168858229,129.43036731415478,0.649878640776699,1.2229483843746527,747,50.53562274096313,65.6
f6b6c01a-3e41-46e8-b91f-30e04cad6c64,בן שמן,locality,0.4029,33.0,81.90236920215878,16.793668849369062,86.7497950691341,0.5822784810126582,1.3217673372769834,15,37.2283496373449,52.64
7ea4bb73-c06c-4362-bcbe-09ec49c279c7,כרם בן שמן,locality,0.0503,4.0,79.52690823660524,19.60901901008799,98.62834829060891,0.6,1.8234691534717578,0,0.0,31.63
da435121-79aa-4e07-9b4e-41b5ab4e760f,כפר הנוער בן שמן,locality,0.3122,19.0,60.85958731875159,30.447996631674933,113.16289118251355,0.8256880733944955,1.2974859048112581,7,22.421953222697955,51.68
4124aedc-02cb-4677-85d0-9a758dc192cd,חדיד,locality,0.4334,41.0,94.60440869452101,22.402279052907108,109.08742168345297,0.5119047619047619,1.2536226508217332,9,20.766821420748517,53.36
3bbe0717-64a3-40b3-bcac-449aace394e4,גינתון,locality,0.4762,34.0,71.40110592329606,16.73484114774278,99.61060680812436,0.5952380952380952,1.0401849793407167,15,31.500487907336492,52.43
e291eee9-f44d-4f98-acd3-f7532d40fb81,כפר טרומן,locality,0.7004,30.0,42.8301412955141,14.83732936136194,146.3757509715884,0.625,1.0514867192865687,29,41.402469918996964,49.25
c0b9115a-6357-485b-bd02-9f3ac23df337,בית נחמיה,locality,0.7002,22.0,31.421346381931155,11.671021001155536,145.9213080498773,0.6333333333333333,1.0509571832517774,22,31.421346381931155,40.87
0ee955d7-17dd-4569-a696-0cfa6b0eb23b,מועצה אזורית חבל מודיעין,locality,118.9705,1769.0,14.86923624436044,11.21272286903487,256.58451456223764,0.6890490420108982,1.3028312039740104,565,4.749077715129253,22.81
93e7c5ba-27c2-4738-8202-b1f163399869,גמזו,locality,0.3609,24.0,66.50756453929232,21.354840715700924,126.3300588750101,0.6190476190476191,1.1720297151878798,9,24.940336702234617,49.93
7b6d152a-f006-411b-a961-8f0cfbdcd9e1,אחיסמך,locality,0.9083,15.0,16.51372145895896,16.913073500236454,180.73818411380952,0.8828125,1.1884839245622458,17,18.715550986820155,34.24
ffc2df0e-5cec-4d59-8a3d-373497484d31,כפר דניאל,locality,0.2895,23.0,79.45044445909058,23.16811280270553,145.80228569164836,0.4523809523809524,1.7114253206083576,9,31.089304353557182,49.53
14bdb612-c086-4af7-9d3e-276c2b225168,מודיעין-מכבים-רעות,locality,41.4717,1988.0,47.93634734001735,18.741310738199907,133.82116159797957,0.6891807379612258,1.6522918970021245,1119,26.982280016840754,38.09
09f6c479-ebb5-4791-86b7-2085a8854ce7,שעלבים,locality,0.4404,27.0,61.308358701906215,38.165236507052064,202.50415572731163,0.7452830188679245,1.1471350988013613,5,11.353399759612262,49.6
28b2f63a-ed54-4c34-b758-8c17799c694d,נוף איילון,locality,0.1634,19.0,116.25948368280277,32.34083082185997,125.84242923270793,0.5581395348837209,1.1032682794516144,1,6.118920193831725,59.15
cbab00d8-f402-4d36-b026-e351acb051f9,נטף,locality,0.3231,11.0,34.04295419621831,22.90359211611946,185.01590066565151,0.78,1.1104528656999508,8,24.758512142704223,45.32
526058c7-cbe4-411f-921b-0d56fa0ed1b7,מעלה החמישה,locality,0.3255,26.0,79.86715016785044,30.393643521705794,135.5392459396682,0.6790123456790124,1.1387289651891095,4,12.287253871976992,53.81
c09d408c-e8b7-4027-97f0-31c10c6e879d,מבשרת ציון,locality,6.2822,442.0,70.35789520858658,26.472414260628565,139.0502587108077,0.6492063492063492,1.469333851320987,300,47.754227517140215,58.78
d2d1198b-3815-4b08-b7c0-80fc547014ec,בית נקופה,locality,0.224,9.0,40.17148606490334,19.353829424285852,98.54596442834553,0.8571428571428571,1.1861908383912818,5,22.317492258279636,42.07
e7e183e4-cc14-4423-8653-09fe7ba33497,קריית ענבים,locality,0.1444,15.0,103.90171602020055,39.147102951747634,79.59940436891097,0.8148148148148148,1.0723484778963355,8,55.41424854410696,74.7
11282485-6920-4dde-80df-aaef36ace908,أبو غوش‎,locality,1.8908,131.0,69.28127938795116,22.22915762162917,103.0192156227285,0.7230443974630021,1.2024551087030577,133,70.33900884425576,60.64
b8b64cb2-df85-4c3b-8d67-2a9e87699189,קרית יערים,locality,0.4987,64.0,128.32298961631048,31.881216433866175,94.64574776861166,0.6363636363636364,1.5921870975112768,18,36.09084082958732,66.22
20bac18a-aa6a-4909-9cda-c3e6b7fa674c,נוה אילן,locality,0.3261,54.0,165.57107221407003,34.36796851542224,84.27747578258581,0.6275862068965518,1.0940013705010723,14,42.92583353698112,80.76
308fb49d-196b-4858-a471-e95b968f08e6,יד השמונה,locality,0.1672,23.0,137.58389289202137,68.56908350912587,46.035115822670186,0.9440389294403893,1.2578692250927304,13,77.76480902592512,78.65
3b019873-8a96-4473-96ae-ab9d909abcb2,שואבה,locality,0.1761,12.0,68.15870660399919,28.8726228158693,130.3411462156933,0.7073170731707317,1.1758780959511739,11,62.47881438699926,65.24
d5c535f4-70fa-4ec4-9fb3-2b8e2e2b8a9c,גבעת יערים,locality,0.6468,40.0,61.84644470712963,22.633863017540083,159.11682642756148,0.5698924731182796,1.1389349479695563,7,10.823127823747685,44.7
7bc14eef-bde9-4905-b19b-23c4fb3b86de,רמת רזיאל,locality,0.5376,30.0,55.800411651451284,25.726093421007242,206.43479083749904,0.5161290322580645,1.305604794342741,7,13.0200960520053,43.93
79d3e937-2090-4cd3-addf-329bf18d7115,איתנים,locality,0.0721,3.0,41.5905260441095,31.96608117413191,109.79863587281451,0.9117647058823529,3.0923324561392596,1,13.863508681369833,33.86
5e29f36e-a985-498e-a08e-f5c6680975b2,צובה,locality,0.1716,45.0,262.17038533051203,44.18814705595758,63.736426551342674,0.6341463414634146,1.0776304719290448,3,17.478025688700804,70.83
e3989517-5aca-40d5-b17f-e11fa0eb3316,עין ראפה,locality,0.1711,18.0,105.19781713018514,45.12465092919562,122.55727124438779,0.7692307692307693,1.136209597174271,3,17.532969521697524,61.01
24ad0e26-42fa-48c0-a7a5-1c387b343017,עין נקובא,locality,0.348,36.0,103.44228369984182,29.29594605712902,121.3759499885683,0.5862068965517241,1.1257010382650081,14,40.22755477216071,69.42
f8619dc0-3bf1-449d-ab94-ed92850c1bfb,מעוז ציון,locality,1.3786,146.0,105.90661541093519,29.061995248786197,99.66189510327794,0.6548463356973995,1.532540744509738,110,79.792655446595,67.57
6e8183d9-983a-45b8-82ad-7ff33abd1c45,אבן ספיר,locality,0.4372,22.0,50.323418632118965,31.077453905227227,159.8376367011863,0.7884615384615384,1.5558814827211132,9,20.586853076775938,44.96
90b07276-fff6-4378-bd16-0e48b759ebe3,עמינדב,locality,0.4667,24.0,51.41945286959496,25.89174339764211,125.8849615888866,0.8181818181818182,1.267922600322367,6,12.85486321739874,43.67
92b95d5c-53de-4f8f-8b65-371ad3972c6d,אורה,locality,0.584,42.0,71.92302836840057,31.202466929128928,113.1734044876246,0.8009478672985783,2.1816695572538047,20,34.24906112780979,48.08
98cb80d8-bf8f-4ebe-a384-c66abc87f47a,בר גיורא,locality,0.5149,25.0,48.556291254056674,21.481239278895163,187.4570688647828,0.5689655172413793,1.1165743192161255,8,15.538013201298137,43.5
289c314c-4624-4b21-aba3-29a1d2f54073,נס הרים,locality,0.5633,30.0,53.26089070882831,21.002354215806562,173.9690114765135,0.589041095890411,1.5446381073397193,11,19.528993259903714,39.3
638cefe3-7e4b-4b61-9838-b9c60056a1b8,מחסיה,locality,0.3882,20.0,51.51364921175819,19.78753129002148,187.37663581426386,0.4444444444444444,1.1302760309562636,3,7.727047381763729,41.3
ec17af7d-ea63-44b2-88ef-fb07daef999c,זנוח,locality,0.3431,11.0,32.056666567455515,15.761659773360579,208.01896246656463,0.5217391304347826,1.0310284392331481,2,5.828484830446458,33.79
fd3316e4-8f50-4318-8692-42406a2bab2c,בית שמש,locality,38.2917,1838.0,47.99992072614336,17.375421062450574,136.06031295351926,0.6611981566820276,1.3406825677554413,953,24.88788055060643,41.03
ddc3837e-f18d-48f7-9604-f276d2baf822,נחם,locality,0.4108,13.0,31.642478878659357,23.271017054010237,119.50834464574925,0.896,1.2158199867253952,6,14.604221020919702,39.45
d37d7591-bc86-493e-9ac3-51bc6337de51,תרום,locality,0.4753,18.0,37.86988451423549,23.91302503775814,218.57963646236138,0.6896551724137931,1.137645631560742,7,14.72717731109158,42.34
6945be2c-876d-4043-89ab-5552b675356b,אשתאול,locality,0.472,24.0,50.84680119851286,22.12638168374644,163.18417158654208,0.6619718309859155,1.0979128634012216,8,16.94893373283762,45.23
b8e6339b-e147-4c7c-97c7-84b66ecce88d,כסלון,locality,0.2859,6.0,20.98333545046146,36.633244499901515,308.08687308684296,0.875,1.2894006816791603,1,3.4972225750769104,36.25
6c3613e3-f261-4be2-b865-d3aae8a9eb71,בית מאיר,locality,0.5503,34.0,61.780293028071206,27.267888269605216,189.9561538964786,0.569620253164557,1.4593580918610942,10,18.170674420020944,45.91
a27fa2b4-1ef6-427b-9061-1080aae42e98,שורש,locality,0.2099,30.0,142.93793468092917,33.65387829800212,100.9045690448758,0.5833333333333334,1.1549471110697005,7,33.352184758883475,74.6
7a724154-8f37-441c-8dd8-b1596a50d3ab,מסילת ציון,locality,0.2903,24.0,82.66307540350707,22.315168289939166,111.70480526632724,0.6,1.0906615810930473,6,20.665768850876766,53.32
26fe90f9-34b9-42a4-8e2f-cc7a092cbfbc,הראל,locality,0.2503,7.0,27.96148210041468,26.256978178604395,149.3928867365863,0.890625,1.2097342874904624,6,23.966984657498298,44.54
006f931d-5e91-4a37-a7e2-59d14908771e,גיזו,locality,0.0701,7.0,99.89405346323227,28.35677798779685,110.39331673733845,0.631578947368421,1.3870187328529786,1,14.270579066176039,53.79
d9622935-423d-44e0-9048-3f84b651ee3e,תעוז,locality,0.5268,6.0,11.390434509447239,22.986051205432496,378.3775410362063,0.88,1.3719388550853986,8,15.187246012596319,33.1
525ba5ed-c30a-448c-a328-44bf79ec0374,כפר אוריה,locality,0.4307,16.0,37.14851145078205,22.43176105124952,197.17227915040894,0.7142857142857143,1.1433884881928522,10,23.217819656738783,44.52
1b2b5433-cfb2-49be-8cee-86b49dfe0f4f,טל שחר,locality,0.8083,17.0,21.031210499392195,22.932270163052245,268.64738030903965,0.8111111111111111,1.1083784513625559,28,34.63964082252832,46.72
8d2ae23f-60a9-4b6f-85d5-d930a00ec1e9,צלפון,locality,0.5857,18.0,30.733370531693666,13.156019047016288,197.57054582310977,0.47058823529411764,1.2386053570331708,16,27.318551583727704,38.15
ce707f05-c331-4d3f-9918-9ec4e128b154,יסודות,locality,0.4456,52.0,116.69015871735748,24.51281002979776,54.892010304278,0.796875,1.1956376800260213,2,4.4880830275906725,53.54
ee8e0a28-41ce-4ad9-a537-3ae81ea4fb02,יד בנימין,locality,0.8187,173.0,211.30681277728556,38.811134031369726,74.76528726644977,0.6164079822616408,1.592136942041875,45,54.9641998553633,76.12
e51d8fd3-cfbf-42db-b33c-46ad0be5a76e,מועצה אזורית נחל שורק,locality,30.7444,723.0,23.516475922781023,15.743683687607012,245.575924583231,0.6658964879852126,1.567539696565326,91,2.9598883941536283,22.87
716b91c4-f5e2-4415-998c-c429b9c7fcc7,בית חלקיה,locality,0.3814,46.0,120.61284848254925,25.768053253685423,77.38239121903759,0.6993464052287581,1.188429406500285,1,2.62201844527281,54.52
ab1c5e40-5bd7-465b-a7e4-0ded63c6e25a,רבדים,locality,0.5075,27.0,53.19867730687196,32.09587288872193,198.6544365995461,0.7157894736842105,1.524565113804008,9,17.732892435623988,44.86
2ad9cd6b-2c02-4f61-8683-455a35ea6379,תירוש,locality,0.6719,5.0,7.442067805011657,13.225977695072341,493.6642327555219,0.782608695652174,3.6437738558342008,10,14.884135610023314,16.26
471f5560-6839-45dc-a41c-c7c588567a64,כפר מנחם,locality,0.7579,63.0,83.12971615670186,20.177355558626658,93.24051225727706,0.6612903225806451,1.2241492403453325,11,14.51471234482096,47.52
8cdd1ff1-ecb3-41fc-bf67-5488a4816d62,גפן,locality,0.5103,5.0,9.798990523934371,26.734380358348982,682.0697574165763,0.8076923076923077,1.4331724095654168,2,3.919596209573749,29.85
7e33f477-6e67-437e-baaa-80ac9188c4dd,צרעה,locality,0.4542,31.0,68.25512119362881,27.49551108702043,104.06555444628867,0.8050314465408805,1.287230197697769,11,24.219559133223125,52.36
4f135e34-0b72-4221-aeba-8eeb287d2b0e,ישעי,locality,0.6141,15.0,24.426974761000675,16.466188105134876,266.09153027453806,0.6428571428571429,1.052926050241051,1,1.6284649840667116,30.72
be2287f7-4f2c-46d6-b5d8-4f4ea33a48c0,זכריה,locality,0.5394,17.0,31.517833020167835,14.893347850328492,195.93004912920054,0.5853658536585366,1.072178950899073,8,14.831921421255451,36.08
9af8d1a7-f98a-475f-943a-8f43f88b28d8,עגור,locality,0.3754,10.0,26.6403849394229,20.112616352042654,251.65572742006015,0.7368421052631579,1.2137493362262655,7,18.64826945759603,37.99
8e306aa0-13bc-463e-b47c-80ae7db4bd22,שדות מיכה,locality,0.4102,11.0,26.817337574443826,15.471313453771737,275.91567601282935,0.47619047619047616,1.253274945382046,6,14.62763867696936,33.44
3f7e38ac-99cd-4ac3-b140-f3382b2a278c,לוזית,locality,0.4699,28.0,59.59094172894921,19.40091580536671,162.78410142947754,0.4166666666666667,1.0390099412618397,6,12.76948751334626,46.87
c3657400-8b2d-4ff8-9c1f-80e72b2b0f07,בית ניר,locality,0.4443,18.0,40.51030400775651,30.131714691009684,133.88466902996495,0.8686131386861314,1.3597154063910089,1,2.250572444875362,38.61
a94a0fa1-ec79-4cc5-a2a1-fba51ae52d90,שריגים (לי־און),locality,0.3268,39.0,119.33162322720995,22.028280321101686,88.8801204295944,0.4935064935064935,1.2165279817785628,16,48.95656337526562,70.08
b1e47ee1-34bf-4120-a826-ab739e8e3dc8,גבעת ישעיהו,locality,0.4141,27.0,65.199404129785,27.694350309837528,208.52043842083918,0.46,1.2990675735940358,14,33.8070984376663,56.74
a3a33104-df43-4b8e-a18a-cb5819d4efd2,צפרירים,locality,0.35,11.0,31.431256619023742,25.289495839619786,402.298516825976,0.42105263157894735,1.0865950555218136,8,22.85909572292636,48.36
bf180f3e-1ab1-4d4a-98c0-fdae762e12ca,אדרת,locality,0.3845,18.0,46.81133780003054,32.494282262436464,283.97213358401524,0.5813953488372093,1.3053157307723977,3,7.801889633338424,42.9
ba8a5834-f999-4731-a600-fd7e890a6595,אביעזר,locality,0.4086,7.0,17.131575465252617,19.75283583233358,403.5526420403745,0.65,1.4220591556521742,4,9.789471694430068,29.18
698f5bb7-30af-481e-814c-4cd81702ab19,נווה מיכאל,locality,0.5335,13.0,24.367633416804107,16.31413412454126,255.9853498519955,0.6176470588235294,1.24019245261793,5,9.37216669877081,30.9
e53299e8-71c9-4e6a-9735-2c88c7848e7c,"נתיב הל""ה",locality,0.4838,26.0,53.738886611529686,31.41164242782903,202.63481552378153,0.6790123456790124,1.1645559339718659,13,26.869443305764843,54.03
85b82c9b-32bb-43d8-b230-f5e87bec3153,מועצה אזורית מטה יהודה,locality,447.7026,2992.0,6.6830073686634135,8.117052469198509,364.38642017015025,0.7466124661246613,1.3946430189384016,849,1.8963480133673924,16.59
4d3c1730-4fc3-4bb6-96a2-e3cccd981819,מטע,locality,0.4373,31.0,70.8961173671968,30.43343570451235,184.8237294766639,0.5633802816901409,1.0883371670530646,9,20.582743751766813,56.09
aa875900-de11-4bb2-96ed-7c477e2af550,צור הדסה,locality,3.9551,220.0,55.62419990679307,23.29893794160628,164.2601318092347,0.6119929453262787,1.2107133475170497,69,17.445771788948736,45.48
d2fb1a46-a777-4bf5-8edf-2ca3132d882c,מבוא ביתר,locality,0.3158,37.0,117.17543059097844,35.98792622444564,130.61791133437703,0.5131578947368421,1.1156169289376066,11,34.83593882434494,70.64
b96ed305-077c-4f26-9350-cce0472d4138,נחושה,locality,0.3441,46.0,133.6990056256032,35.58340080826458,108.34245279054147,0.5818181818181818,1.5456056730299548,2,5.813000244591444,55.88
5256d732-d988-41e9-a775-e5cc40de24e2,בית גוברין,locality,0.3514,28.0,79.68245299812239,37.492766132912344,118.69156061770539,0.8082191780821918,1.2179959321571736,5,14.229009463950426,53.36
2fa88816-c647-4c14-b9bc-44a799ab77a0,גלאון,locality,0.435,20.0,45.981464738795324,24.80454050969878,171.2528591552776,0.7402597402597403,1.1624207949338665,4,9.196292947759064,41.97
8a03cb4a-9b76-4326-ad65-d00ad2a37460,לכיש,locality,0.7829,36.0,45.98209000811626,24.44282681373469,212.62910676239648,0.6043956043956044,1.7542115095510598,8,10.218242224025834,33.27
595aab35-a0ed-4c9a-b87c-ab2caee8f908,אליאב,locality,0.1547,18.0,116.32225208705648,37.92478960756266,108.67737091604064,0.6896551724137931,1.5263532550853551,4,25.84938935267922,60.71
51fa54b6-9784-42a3-a4f6-d1de08b5b326,שקף,locality,0.3181,17.0,53.44287918501042,54.13654658171685,223.64484758788552,0.8425925925925926,1.270950563614079,7,22.005891429121938,50.43
2a5e3e54-93dc-4758-9b84-c3344d909fd7,בני דקלים,locality,0.5664,53.0,93.56822976101833,28.815292071407498,140.705959896603,0.5391304347826087,1.1266878679690857,2,3.5308765947554086,52.44
24ee74f1-b3d0-4e1f-abde-be0ac0315722,אמציה,locality,0.0876,16.0,182.62348098738076,36.528336269900336,68.09189178420156,0.7090909090909091,1.408329470019025,1,11.413967561711297,63.44
718e0ba6-b673-4af2-8d96-6c8549842041,מועצה אזורית לכיש,locality,377.9611,817.0,2.1615983953529585,4.780693156979567,662.3591668402754,0.755973715651135,1.492473930694949,135,0.3571796614108316,11.38
5b106bd7-ea66-4434-8a68-71f46e1c731c,שני ליבנה,locality,0.115,5.0,43.46471835474198,35.93180981911914,93.94194558890116,0.921875,1.9466344622000058,1,8.692943670948395,32.97
9e8b1380-80f2-4ec2-90ac-7bf46af3808a,הר עמשא,locality,0.1471,12.0,81.57025683949288,36.48436528853502,119.27342702974327,0.8,2.2361513975288223,0,0.0,36.31
bcdcd1d9-5712-4807-9bb3-995262034c27,تل عراد,locality,0.5627,4.0,7.108465402389796,14.558628469059324,546.1517648770289,0.7777777777777778,1.1423373004204216,0,0.0,23.99
5b404fce-474d-4023-919a-ef0366da5b59,קשכר נבארי,locality,0.2397,0.0,0.0,24.43977329710398,1464.5559462448973,1.0,1.37508665795867,0,0.0,25.67
cb30ff9a-0001-4574-9bc6-a04885050f66,قديرات الصانع,locality,0.1459,0.0,0.0,16.038715723813667,780.0169025172294,1.0,1.4140164139053752,0,0.0,19.48
cb7a1233-c617-4a15-9290-60ad0dee915c,دريجات,locality,0.1991,14.0,70.31398925724827,14.61051368046902,93.84045153115525,0.5625,1.3970425265808908,1,5.022427804089163,34.86
64aa904a-07ab-4afe-a051-43ff26153180,قواعين,locality,0.3342,0.0,0.0,12.436048816052384,346.3646154705593,1.0,1.1130346552359454,0,0.0,21.6
189f1ee3-e917-4e20-84d8-bdd9fb74ac8a,كحلة,locality,0.7494,0.0,0.0,13.058933602952152,1223.3313749520405,1.0,1.5397577243432172,0,0.0,15.61
84634a7a-fbf7-46e8-8cef-cae4ca28ce26,כרמים,locality,0.2229,24.0,107.68502072191578,60.70805281027272,106.53652528215684,0.861271676300578,1.2139397064422377,1,4.486875863413157,55.12
7e26229b-4442-4cf6-b877-3327d881d8f6,מיתר,locality,23.8699,560.0,23.460473631859763,11.104156786034686,201.71652196767926,0.5379537953795379,1.4177542492018869,42,1.7595355223894822,21.53
54402ede-5c57-4c1b-b034-90e4b403c58c,حورة,locality,8.7375,353.0,40.40039059658272,12.476464609763159,160.31411717046055,0.3892733564013841,1.093253834915857,22,2.5178713686255514,34.33
57efc4af-4f9d-4c89-afae-22678f573633,مجلس إقليمي القيصوم,locality,38.7082,451.0,11.651280674955425,5.9212609263963705,253.82203769410066,0.4225352112676056,1.1717670351543268,11,0.2841775774379372,21.14
ce59c8a9-8fdc-4587-9bd6-04ad79f5b791,כרמית,locality,0.709,72.0,101.55835345214334,33.70825413827481,127.79430438057676,0.6129032258064516,1.666578317121263,3,4.231598060505972,47.01
6742745c-080f-45fb-8fed-b86c524ffcf5,اللقية,locality,6.8622,240.0,34.974168073406666,9.828216187071025,136.8017429278211,0.4759825327510917,1.0630471212892847,16,2.331611204893778,29.25
d20ee0e8-8398-4998-993f-d0112f71d64c,أبو عيسى,locality,0.2189,5.0,22.844473105026015,44.07449610135316,401.9434655186569,0.8529411764705882,1.145949583653496,0,0.0,37.38
46169284-31ad-4844-8642-7a3286282b28,عوجان,locality,0.8394,0.0,0.0,29.01566749707646,839.8984069484878,1.0,2.1159844378538937,0,0.0,19.34
5bd38145-2d24-4e39-9a97-6be3cfa6dadb,אל עביד,locality,0.0811,14.0,172.69744620841757,60.54717902434094,175.29842031152677,0.391304347826087,1.2145291783735055,0,0.0,65.04
f1ae2fbb-a18a-4600-af5a-bd61ea05fc3d,להבים,locality,11.1516,344.0,30.84756801542319,21.640035289696772,254.2899897731764,0.6152125279642058,1.280500821896711,63,5.649409258638549,33.65
c9c29a1e-5ad8-4022-905a-4747169a1eb8,דביר,locality,0.5828,42.0,72.06971387547408,25.551828827629926,113.67034714849703,0.7062937062937062,1.1201017081019635,3,5.147836705391006,46.71
49f7fa39-8449-4292-8a01-1ac032000921,להב,locality,0.4365,19.0,43.52828891653415,31.80051311332003,128.5264101492237,0.8834355828220859,1.287012969089083,7,16.036738021881003,45.82
f96d601e-3326-472a-9bf2-a2bb62a1bf70,חוות אלה (צדק),locality,0.0606,1.0,16.510251784513212,9.418234384027526,114.08953063770873,0.875,1.0209864506078172,1,16.510251784513212,30.87
b8be13ff-8760-4f2a-a372-b2278c1ce821,שומריה,locality,0.3046,31.0,101.77615581669502,37.98946756972088,91.83501736721747,0.7987012987012987,1.558050377245737,0,0.0,46.98
ff74d2bc-47e9-431e-bbf9-5a827e8e2941,בית קמה,locality,0.5312,62.0,116.72336836005113,35.8911901467469,87.85409383133491,0.7559055118110236,1.2850501400277232,7,13.178444814844482,59.34
a9cadd6d-b50f-4d43-b97c-84103e0aecb1,ضحية,locality,0.1772,1.0,5.643980980284491,47.71136569493959,939.277235963696,0.9285714285714286,1.2073488055152546,0,0.0,33.02
006dc0c9-2d9e-473a-b576-f2efa408c915,שדה צבי,locality,0.3488,17.0,48.73772974637184,29.07248770470983,195.01251255839622,0.734375,2.0774020016005372,10,28.669252791983435,40.6
072929ac-24f7-443d-b586-cb9d0a48bb7d,קלחים,locality,0.4399,19.0,43.192033818582054,22.84521582286998,164.7461888715339,0.7432432432432432,1.2258713075255316,7,15.912854564740755,41.85
f2ba530e-ca59-46c8-871e-6c717a21e00f,מבועים,locality,0.3482,32.0,91.90511805443485,29.77748118864366,92.57212164337521,0.762962962962963,1.1162957926063404,9,25.848314452809802,61.83
66ab45f3-58a8-41dd-9ecd-8ab29560208f,אשבול,locality,0.4107,20.0,48.70265535520479,24.955332403966562,186.32795814787778,0.6774193548387096,1.08214254832636,0,0.0,40.15
9dfaa62f-8029-4418-817b-785e6611e7f8,תלמי ביל״ו,locality,0.3441,13.0,37.7838634343979,22.84125624557134,170.84376894982424,0.7758620689655172,1.1049760206212194,6,17.43870620049134,43.19
65a4802e-db01-46f1-a1ff-3fea05d96f8c,"פעמי תש""ז",locality,0.3854,20.0,51.88779799292839,33.34654619939733,267.77768159755993,0.5652173913043478,1.1186604279201087,4,10.377559598585677,47.75
ac706a22-4042-4ed5-bef8-79f7221845e0,رهط,locality,33.4925,1411.0,42.128885242980125,10.689000411740269,128.77730854482365,0.4254885993485342,1.2110069311368747,303,9.046812351965258,33.24
984bef10-ac50-4c02-b42a-74dd422ed96e,שובל,locality,0.8162,73.0,89.4357712395626,25.878076232782885,100.58293331151793,0.688034188034188,1.4130803246310724,7,8.576032858588194,47.37
fd04841f-f484-4d8c-80fa-827ff345cbcc,الزيادنا الناصرة,locality,0.2214,0.0,0.0,6.090514744706419,674.1893749103293,1.0,1.0446653519309885,0,0.0,18.39
28bc16e2-ece3-4672-a3a9-cd4903f0154b,משמר הנגב,locality,0.5716,38.0,66.48095982824525,28.741758869952296,121.69308156800156,0.7923497267759563,1.171638812708726,6,10.496993657091354,49.08
ec82bfe7-e7bc-4e9c-a796-17b3fa8cb6d1,גבעות בר,locality,0.3601,69.0,191.6200583345367,28.68585642128746,67.51255004652097,0.5369127516778524,1.1566890446219904,9,24.993920652330875,71.77
76bd66fb-b117-494a-96ed-92d4af32855e,طرابين الصانع,locality,1.3817,57.0,41.252338698293,13.220056148347485,146.1334264642771,0.5086206896551724,1.4978660828036665,0,0.0,24.6
91267dd4-b713-4b63-a59a-f975b148cce5,מועצה אזורית בני שמעון,locality,370.0857,1496.0,4.042306550164643,6.017445294814921,465.8934474013937,0.7304018742115697,1.3159141487762989,143,0.38639694964809085,15.24
21af047f-1505-4253-a1ba-32ffcc01cb66,אשל הנשיא,locality,0.208,19.0,91.3658719510617,40.47904164607669,79.41342999572001,0.8782051282051282,1.1587565885923472,3,14.426190308062376,56.66
b25f17c0-b725-4965-942d-ba5f00abd61f,תפרח,locality,0.7577,20.0,26.396095408242253,15.475609518897562,260.57068550062496,0.48717948717948717,1.5095158134641038,6,7.9188286224726765,26.51
f404e453-070d-432b-b521-b6b0709a0f5f,אופקים,locality,16.3515,1228.0,75.10025245951067,18.82964124014723,120.97934495997656,0.4448462929475588,1.220200684833352,285,17.429618852573732,47.9
c78339ed-522f-414d-9a8b-1c8fee9330ed,גילת,locality,1.1778,33.0,28.018910293008364,15.112133924673605,176.2248375952924,0.7380952380952381,1.055796595412178,8,6.792463101335361,32.56
6770beca-c7a1-4dc0-96d7-32158841870a,בטחה,locality,0.6229,23.0,36.92155817607806,17.557243899502364,147.79932054826273,0.75,1.2855543631425963,1,1.6052851380903503,30.45
1c5ad958-9234-4820-bc4e-d03f41586341,ברוש,locality,0.4529,24.0,52.99632143019436,16.53426317514626,108.51787266962666,0.6962025316455697,1.2850993726960784,4,8.832720238365727,35.88
56f353ea-75a3-431e-ba09-740527343784,תאשור,locality,0.2768,8.0,28.903996336293552,21.2136272691576,202.46456720536509,0.7777777777777778,1.2429287241696736,2,7.225999084073388,34.17
2eb009d0-7587-426c-a057-9b571b2dd157,רנן,locality,0.4641,17.0,36.62798931661498,29.437270775776565,239.6947542533027,0.7424242424242424,1.1078033600746666,8,17.23670085487764,47.23
6650c3ce-de4c-4007-b9b9-25863855c8a1,פדויים,locality,0.5755,12.0,20.85309888728419,22.824605669403997,320.35394006205155,0.7777777777777778,1.2537539594591782,0,0.0,30.58
814eeeae-fd15-4830-bd9c-5d662f9ecf73,מסלול,locality,0.4912,16.0,32.573453885207556,14.15625351528208,154.52259379522454,0.6923076923076923,1.0252835150966488,8,16.286726942603778,37.09
37975b88-4327-462d-bd34-2330a010fa33,מועצה אזורית מרחבים,locality,490.0564,813.0,1.658992828794558,3.8297224397091947,678.7630628393504,0.7605301914580265,1.4574103963501388,166,0.3387365431487043,11.16
4779a25d-0c84-4767-a9fa-696dac36a793,פטיש,locality,1.11,20.0,18.017739539425527,9.854716814274948,191.9106093116525,0.6610169491525424,1.038029239811636,3,2.7026609309138294,25.68
36b4c51f-65f8-4448-80c4-d4c283143ea5,אורים,locality,0.4902,28.0,57.12117369548203,48.09008488500072,240.54170045781305,0.7543859649122807,1.0768643472639254,3,6.12012575308736,47.72
3af63183-2df5-4c59-9dc4-6bf386b9c9d5,טל אור,locality,0.0631,0.0,0.0,4.346927458246789,274.2556896769911,1.0,1.0012824393486497,0,0.0,17.88
905f6065-9e0c-4619-8d69-fc57f8ea1ce4,רעים,locality,0.5389,19.0,35.25917595077578,18.97583957436181,189.36019106073178,0.6724137931034483,1.084654861490346,2,3.7114922053448187,34.92
57467ced-baeb-4547-a0a5-9d2f58739fad,תדהר,locality,0.4111,12.0,29.18791788198891,28.278349587973672,193.7675013497519,0.8461538461538461,1.3512297992611075,2,4.864652980331485,36.37
50aafb06-7027-4f09-b984-26386045c551,מעגלים,locality,0.36,54.0,150.01922050605413,27.60999933278897,78.2545377590486,0.5939849624060151,1.0657158633440682,3,8.334401139225228,65.75
83622a3e-eaeb-438a-abdb-dbfafbc6a855,מלילות,locality,0.3521,23.0,65.32355139548599,20.58394187771236,116.89472288908438,0.6666666666666666,1.0721855719848026,1,2.8401544084993913,41.84
f23eac24-ad59-4a37-8e5b-e1f1f536f395,גבעולים,locality,0.2505,12.0,47.90990851062096,23.742995812125333,160.72731745032934,0.7446808510638298,1.099600561299309,1,3.9924923758850794,40.51
256f12a7-181d-47c3-b6bd-b04128871477,שרשרת,locality,0.2897,19.0,65.58052981901338,24.412662798509647,138.68313685024236,0.6935483870967742,1.1043945838170586,3,10.354820497738954,46.97
56880a74-b976-4ba6-be18-ae8d01eff46a,מועצה אזורית שדות נגב,locality,113.8738,603.0,5.2953339932518295,6.4897761546576245,389.5707496004323,0.7340097044552272,1.3015158167170249,121,1.062579458015707,16.29
8a42c295-32fa-4180-8f28-ffe818616ac1,תושייה,locality,0.219,22.0,100.45690107874489,43.95004456557321,139.4932307994419,0.717948717948718,1.2427713408790304,2,9.132445552613172,55.1
448cf579-b2a2-42e9-a296-328374142599,נתיבות,locality,16.2258,1350.0,83.20092501047368,22.340369326857505,123.37983094638332,0.5105148658448151,1.301937329691929,600,36.97818889354386,56.8
15a86ffd-7b7b-45a0-8ca2-48c54bdcee1a,בית הגדי,locality,0.6513,31.0,47.59874811316297,21.425281166964314,148.44474896353825,0.7207207207207207,1.6100364350725715,5,7.677217437606931,32.72
b2969554-f10c-4247-8592-b61eee544c44,יושיביה,locality,0.484,32.0,66.10941373778341,23.296403545540116,144.5709219020893,0.5844155844155844,1.3905669314675622,3,6.197757537917195,40.37
9b1e3526-bff8-49e9-892e-5229c692c12a,זרועה,locality,0.3014,17.0,56.394423507243644,16.97913617583699,119.03094892127652,0.6666666666666666,1.0804517193405658,4,13.269276119351446,41.7
c5677c0b-941b-4d7c-8572-ea0e2645228a,תקומה,locality,0.4118,14.0,33.994664506150706,46.98433809287237,219.88100688204386,0.8914728682170543,1.0640329605275178,4,9.712761287471631,44.72
56c2289b-ebc4-47f4-a945-e3cfebbf21c9,זימרת,locality,0.2895,19.0,65.62556036434738,23.79709406233356,156.5856022181232,0.5869565217391305,1.1014684214993777,3,10.361930583844321,46.61
1beff76b-8cae-4557-9cff-12b1b1030597,שובה,locality,0.3987,19.0,47.65021226380236,20.344506787828525,132.98605165847894,0.7432432432432432,1.3403394288205843,2,5.015811817242354,34.99
6a3dac2d-900b-4b76-a59a-e1b7f09f6104,עלומים,locality,0.2025,18.0,88.89895354072729,36.766827354668656,128.35240733232067,0.7428571428571429,1.5667893614631536,3,14.816492256787882,50.2
28f1f7f4-379b-46fa-9b91-f804f8daabe3,התמר,locality,0.1433,4.0,27.91719217866196,67.01077711896096,259.4963093287767,0.9354838709677419,1.2482485363741873,0,0.0,36.86
cfd9b84d-ac1f-4a03-aa5d-20c0d655fe27,כפר מימון,locality,0.1858,7.0,37.66655365947097,43.14772999518993,174.31801623455797,0.9,2.4425735177403323,1,5.3809362370672815,29.69
b5f25861-8b6c-4e09-b12b-144ddd3d5c2f,שוקדה,locality,0.3241,24.0,74.04378231467679,33.935111472135056,189.6461073833415,0.5789473684210527,1.9877532403911877,1,3.085157596444866,36.23
e6c37216-3f34-4edd-90bc-b560460ff8bb,בארי,locality,0.5362,22.0,41.02797384728673,17.59743293165455,127.51468716014438,0.7528089887640449,1.026850336603878,7,13.054355315045779,39.76
cc724988-4bb9-41f8-accc-065e1f11ff5e,נחל עוז,locality,0.2738,31.0,113.23181563381485,30.577166620928775,93.01392113583465,0.6868686868686869,1.113644812266127,4,14.61055685597611,61.79
7658ca00-7e77-4646-a2df-13a03cc1009c,סעד,locality,0.3431,31.0,90.36185093481473,31.936720163162043,99.60340914343455,0.7669172932330827,1.1741667113396252,2,5.829796834504176,52.79
7ac5395a-5be1-47c8-86d0-b9e4838f8b4e,כפר עזה,locality,0.6164,28.0,45.42758891785344,27.579302031253874,149.11343124655707,0.8145695364238411,1.11020255694448,6,9.734483339540024,44.71
4817961c-9a84-4ef6-9e57-f11c24c2aaf1,ניר עם,locality,0.3966,30.0,75.64647106425917,28.75692981763274,118.79656038913517,0.7413793103448276,1.268106639291524,8,20.17239228380245,53.35
153ee7b0-e011-4fd3-891d-b2fc9f6d4825,שדרות,locality,10.6581,989.0,92.7934174870105,20.320229495424552,90.27707565284202,0.5675557498906865,1.4521714781639665,417,39.125232651247096,55.97
2c62976b-e567-4313-a8a0-2a97d6800f0e,איבים,locality,0.1129,5.0,44.27937055616482,28.184446417114945,96.44153960687444,0.9038461538461539,1.1818477030891672,0,0.0,39.92
0b229881-efce-4c82-8720-081df06d3f88,מועצה אזורית שער הנגב,locality,176.8918,784.0,4.432086754972767,6.571291545991941,437.8184108209465,0.7504774029280713,1.5806155604888454,133,0.7518718602185944,11.86
35062d73-169c-437d-a198-775fcc25909e,גבים,locality,0.4369,16.0,36.62337632734738,17.156057864058976,129.22636010862385,0.7647058823529411,1.2363668954360254,1,2.2889610204592112,31.13
46859475-cfb0-4924-8f04-147e87edbbe3,מפלסים,locality,0.5601,27.0,48.20468890130487,27.460689212801594,149.33055805745562,0.782258064516129,1.193490730455871,5,8.926794240982383,43.62
186f4709-9daa-4adb-a942-0d8c0a0816e5,יכיני,locality,0.6221,27.0,43.400764358351104,24.285724690506214,247.67810623219228,0.5344827586206896,1.3662402346902325,6,9.644614301855801,38.23
63317947-ff87-409f-a306-0883d8e0035c,שבי דרום,locality,0.374,39.0,104.2847837818353,23.7577916548414,107.04629465975069,0.5,1.4275003036041845,1,2.673968814918854,46.35
d83290fd-388d-4a00-8238-e0848499d521,ניר עקיבא,locality,0.3794,37.0,97.51348963440493,23.68097490540482,123.08744109106102,0.4032258064516129,1.4358982994896106,9,23.71949747863904,56.14
798cbdbe-eb64-4f9c-9ba2-58b8dd372db0,ניר משה,locality,0.3154,8.0,25.361609063682252,25.102924175613566,219.95558643670932,0.8,1.5714311905332459,3,9.510603398880844,32.04
d8569df5-7055-4e05-ba2a-d096edaf5137,דורות,locality,0.5315,39.0,73.38117300273629,24.18794328919508,109.8735197754931,0.6854838709677419,1.3077742865654647,6,11.289411231190199,45.7
26ffd8f9-0243-4905-bc3f-05a87ec0dbcd,רוחמה,locality,0.4809,24.0,49.903495048221835,24.376526330409206,156.3114651226997,0.7037037037037037,1.181389671045894,4,8.317249174703639,41.84
154229f5-3e4b-4248-9caf-597e1b45a555,ברור חיל,locality,0.5591,44.0,78.70049898337905,27.149808728384436,111.60998673303914,0.7300613496932515,1.1928014895100514,8,14.309181633341645,51.67
d66f5d39-4875-4003-b7b1-3b2514f2bf9c,תלמים,locality,0.4432,13.0,29.333824664817765,21.447447922343475,176.0177732982814,0.8333333333333334,1.603412555171765,7,15.795136357978798,32.43
910afe96-af13-4467-ae05-281397ba666e,חלץ,locality,0.4313,35.0,81.14987668696416,19.358701293643936,101.82221644201209,0.5679012345679012,1.4552314649344456,0,0.0,37.31
bf322a3b-d3ad-419e-b208-032dc7b4ada7,שדה דוד,locality,0.3885,31.0,79.79255666297036,27.80271889952963,174.21874960695519,0.45614035087719296,1.1644109313324074,1,2.573953440740979,49.37
569d4d8d-e06e-461b-be57-d73bcf06fb7e,זוהר,locality,0.235,5.0,21.272873293008452,10.279305804578824,219.64177875725173,0.5454545454545454,1.0750023542142577,1,4.25457465860169,26.68
ff091b34-1bff-410e-997c-ec2cd00163f5,איתן,locality,0.45,10.0,22.224395643414763,15.145928616928641,340.7500671771131,0.4444444444444444,1.1555032675004475,5,11.112197821707381,33.32
77ca4a8f-35e0-4ec4-b69a-956aa91db9eb,אחוזם,locality,0.4156,11.0,26.469901921595273,11.481398263477937,176.71416818206131,0.5925925925925926,1.487918149218501,2,4.81270944029005,22.55
e703e7c7-8379-4bde-a509-6028497f4289,נועם,locality,0.5227,8.0,15.30605827316944,17.36948666386791,412.65862549021534,0.6923076923076923,1.4505513258545963,0,0.0,22.88
394bfac4-1720-4594-ae0d-e62a27538bd2,שלווה,locality,0.4877,33.0,67.66726898420933,14.020874266797984,103.60159702965005,0.4406779661016949,1.1693018911187614,2,4.101046605103596,38.76
a3d1fa1f-001b-4bb7-afbb-1fb084218a75,אבן שמואל,locality,0.5506,51.0,92.63382793931193,23.66902918578219,75.3242658012668,0.7605633802816901,1.6311225170401087,5,9.081747837187443,43.47
3f45dea9-5159-4421-8849-fb89563fb41b,עוזה,locality,0.3992,11.0,27.557242551408276,28.207981162465156,304.317696016556,0.6944444444444444,1.1910492906982473,1,2.505203868309843,37.45
eddd56f3-307f-4545-965b-04bb9ff5503c,שחר,locality,0.479,17.0,35.488383256554904,15.619699322929826,191.8539606364413,0.5641025641025641,1.5778410783450405,4,8.350207825071742,27.18
7362bf4f-77a9-4883-a425-6a160ea1b7fd,קרית גת,locality,12.4291,1174.0,94.45603793803332,31.311666134361992,129.07948778881604,0.6199417287147945,1.3948250619216924,840,67.5835365144361,67.97
f2073d39-7208-4e98-9cd5-c23b9921484e,שדה משה,locality,0.5384,16.0,29.717951638069533,16.256686597044244,218.81301638863926,0.6666666666666666,1.093676834975266,6,11.144231864276074,34.83
e43c2475-fac1-48b7-b427-597fc07e1ab8,קרית גת,locality,22.3832,1292.0,57.721935810246755,23.045128464918765,156.8804949026931,0.6102564102564103,1.3709514757520758,862,38.51107482076834,51.75
9886e124-518f-409d-995f-614bcc2523db,גת,locality,0.4942,47.0,95.11001847484415,23.173705260562755,103.167781608918,0.5877192982456141,1.3132035605459456,4,8.094469657433544,48.01
9fe4e3f0-a4fe-4d07-b726-c883c1eeedd3,מועצה אזורית שפיר,locality,76.2681,741.0,9.715731036338036,8.611153753833479,322.0971205127591,0.6666666666666666,1.3445068536773603,74,0.9702619388515717,17.9
4d27da5b-edf5-49a6-90a7-fda007bf3ab5,עוצם,locality,0.4721,15.0,31.771793698184933,14.301941495281772,192.91965559779098,0.4642857142857143,1.7582206816730401,4,8.472478319515982,23.98
ce3c74dd-0a23-404c-984a-c589f838079b,נוגה,locality,0.3987,26.0,65.20999592264323,15.287582457781909,126.98626512907288,0.38095238095238093,1.1714116445819283,2,5.016153532511018,41.24
e02fe207-37cc-4dd3-9aed-a14aa8373cb2,נהורה,locality,0.4272,35.0,81.92249622204926,23.48118612755875,89.57088715867447,0.7058823529411765,1.1323009887000752,7,16.384499244409852,51.61
57a492f6-c22c-4bd5-aeb9-efff7fc32bdb,ניר ח״ן,locality,0.4949,18.0,36.371212188656465,19.952261676542914,182.8576363549198,0.7313432835820896,1.0877508615783889,4,8.082491597479216,37.49
bf7edb65-e26b-4faa-af86-672f06c1bf7c,כוכב מיכאל,locality,0.5358,37.0,69.06163463664961,17.05531699791842,103.83457608079082,0.6063829787234043,1.0795292796172065,18,33.59755198539711,52.43
bc6802a2-7b52-4fe6-9de9-9ba3b67fa713,בית שיקמה,locality,0.6811,22.0,32.30053537841799,13.533588059823105,173.92020697498052,0.6140350877192983,1.2195757585817808,5,7.341030767822271,30.13
c0de3453-75a4-47f5-bfc4-6668f25d0fa7,גיאה,locality,0.5347,29.0,54.23825608074285,17.731939977460865,120.01110704210444,0.6463414634146342,1.4325811405002462,6,11.221708154636453,35.67
670ed5f9-31d3-4314-b172-1c0989688fdf,מבקיעים,locality,0.2863,44.0,153.7027972016128,31.66032336369009,94.40935237279486,0.4883720930232558,1.0839606690918417,9,31.439208518511712,76.67
8c2e04f4-c369-4300-b909-a3a0715be44c,תלמי יפה,locality,0.3919,51.0,130.12737920989719,36.05098975894091,100.9231157561337,0.5952380952380952,1.2545838341242919,6,15.309103436458493,63.33
041969b7-9fe9-43ab-b96b-3e37b3a8e0f2,גברעם,locality,0.372,31.0,83.3354591626742,28.222901796837675,145.8146062267091,0.5633802816901409,1.1837641069374836,5,13.441203090753902,53.1
9f542c22-eae6-4e6b-b4c3-2cc19a945fc7,אור הנר,locality,0.4125,32.0,77.57499768385543,29.534965883663112,116.03135969743408,0.751937984496124,1.3392352078168048,7,16.969530743343373,51.9
f7f207c9-0b8d-4d36-bf73-fd3c83c0afc6,ארז,locality,0.322,23.0,71.4329051953577,35.35831069108815,147.8530558770893,0.7722772277227723,1.1918817429040005,5,15.528892433773413,52.62
2f32f0f2-a4b5-4ad5-92d6-9691f8aeb623,נתיב העשרה,locality,0.6286,48.0,76.36335944750942,25.983138204449727,120.09057004072741,0.6821192052980133,1.1600513235727603,3,4.772709965469339,47.1
cb5af128-e042-4307-85c4-dc6bc68efc93,זיקים,locality,0.4877,44.0,90.21983127076436,36.55953180866594,153.7068782079833,0.648,1.3531137244518434,4,8.20180284279676,51.03
3cf3cc23-2d34-4c71-998e-b401426c7205,עין השלושה,locality,0.5075,22.0,43.35119881877215,19.81217866250987,205.1907244013348,0.5510204081632653,1.2286936978419114,4,7.882036148867663,36.6
23aa22d8-fb11-4ee7-b900-530597827504,נירים,locality,0.6929,29.0,41.852355280656894,22.848555098366248,166.65303627207706,0.7211538461538461,1.1622634836650862,1,1.4431846648502378,36.75
b238f104-e8e3-4cdb-9c74-b713df4a76b5,כיסופים,locality,0.3199,14.0,43.76780093034128,21.245165817182038,174.24841135301284,0.6888888888888889,1.1778860783833076,3,9.37881448507313,39.0
3301103f-5067-4a84-985d-e1879642b5e9,ניר עוז,locality,0.2921,28.0,95.85962434609853,32.970375716407105,137.57773803647913,0.6164383561643836,1.0455446615412125,3,10.270674037081985,57.6
b2cde1ba-ddbf-42a2-a4e3-c94773d7376c,מגן,locality,0.9231,48.0,52.001434754677106,27.377237558571714,139.61656881655304,0.799163179916318,1.1945550288435745,12,13.000358688669277,45.93
03a43b55-5667-4001-aa50-fa456f7200e3,עין הבשור,locality,1.7196,27.0,15.701517141020608,18.794218830418867,394.1237200852483,0.7244897959183674,1.3882755260680995,9,5.233839047006869,26.94
2610772e-e0af-41a8-a2a9-4f7eb144734f,מועצה אזורית אשכול,locality,738.5067,1357.0,1.8374917817878667,3.883145848569335,632.4943191566484,0.7498617511520738,1.4562755640592013,158,0.21394524799003903,11.2
c854725a-1350-44ef-8f27-52bde7e98bab,עמיעוז,locality,0.3853,6.0,15.571546199413532,9.096533060201892,159.32089344318103,0.8125,1.1387411078968277,6,15.571546199413532,28.33
f45fbfec-7b15-408b-84a1-199204c5e514,ישע,locality,0.4532,26.0,57.367048222738646,18.04433259687583,163.56171776424537,0.3953488372093023,1.047605139337459,3,6.619274794931382,43.58
a0100242-d339-489a-8736-9625aafd1535,ניר יצחק,locality,0.5013,15.0,29.92343731149008,18.462014611145666,225.72258391083855,0.6590909090909091,2.6261618125090775,4,7.979583283064021,21.48
00f5a968-1dea-4a66-b035-b7352010f7f1,חולית,locality,0.1631,10.0,61.304195559250346,29.903443198736227,143.4670216668777,0.75,1.0624029054575952,1,6.130419555925035,48.71
37550a3f-d449-40da-9678-ae69f3730ea1,סופה,locality,0.3603,8.0,22.20653414574481,30.987833784746027,301.7162482763514,0.8431372549019608,1.3654187228437729,2,5.551633536436203,36.18
1f2543f1-c813-4fdf-987a-8cbd8cab0597,כרם שלום,locality,0.1123,14.0,124.61917646432887,59.86149238833675,129.32644959042048,0.7878787878787878,1.2950562633969342,3,26.704109242356186,66.18
6d9fdad5-f12f-414e-968b-0bb5606de29c,יתד,locality,0.3914,19.0,48.541864542713924,34.30960192406959,248.69042602723263,0.6545454545454545,1.282779238145414,6,15.32900985559387,46.6
7448cb4d-175d-4e56-b01c-00828bc83f31,שדי אברהם,locality,0.3049,6.0,19.679015476333056,18.249117391209307,309.11298066302464,0.7,1.0499144869821855,2,6.559671825444352,32.98
9a391949-71f0-4d78-a000-40e6755bb13d,פרי גן,locality,0.2065,5.0,24.208117304349795,35.0160137338893,452.0179803438998,0.75,1.0570470035696296,1,4.841623460869959,40.92
8ade00e3-966d-45e5-8722-aa47c0d05f8c,מבטחים,locality,0.522,42.0,80.45946137156311,16.592978193083812,94.14747666627137,0.5172413793103449,1.2231843570531276,4,7.662805844910772,41.87
d7bae93c-7a77-46ea-b61b-743bd26998c0,תלמי אליהו,locality,0.3695,26.0,70.35655529489225,35.863706135056866,236.6660270682221,0.5,1.076268178900558,1,2.7060213574958554,49.01
47eb7fe7-6547-46b1-bc0a-fea26064fbf5,שדה ניצן,locality,0.9859,37.0,37.529820327631164,15.186125370987778,151.2296771967443,0.6754385964912281,1.488804631381554,1,1.0143194683143557,25.7
b852cbd0-631b-4ccf-a618-787d847ffefa,צוחר,locality,0.3193,22.0,68.91061318058165,29.625128646388273,121.25571272673801,0.7471264367816092,1.5349768306978477,2,6.264601198234695,43.01
259c8957-25c2-469e-bf52-d34da0579d81,אוהד,locality,0.3577,8.0,22.362677715808754,36.449402468240635,210.31241273287498,0.92,1.0406489214721268,1,2.7953347144760943,39.98
86dc21bc-78b9-462a-ac26-aefcf7c56301,בני נצרים,locality,0.5583,37.0,66.27233755539748,28.383538750796387,144.05996014710507,0.6754385964912281,1.5256647626833126,2,3.582288516507972,40.72
4d2d33f0-f79b-4937-b33c-0f85322dc6de,נווה,locality,0.8741,52.0,59.49297658521888,13.425635736259727,72.88642163457853,0.695906432748538,1.8650119851742435,0,0.0,22.87
a54af26d-47d1-468e-afb8-195147a56ffc,דקל,locality,0.3366,9.0,26.74075401470789,15.713055151291611,229.9331871849862,0.6086956521739131,1.0113773035976907,2,5.942389781046198,33.03
3fee9a08-a924-43ff-9473-9fb0532dd445,תלמי יוסף,locality,0.241,6.0,24.900094628637074,19.0959106975337,306.7604518349404,0.6,1.1612436225013327,2,8.300031542879026,33.61
6c103615-bf84-4b14-9505-3c43f1451e5f,אבשלום,locality,0.1725,20.0,115.97015967401676,41.68669752099339,143.78422048627513,0.6078431372549019,1.1182842041416277,0,0.0,56.42
b958aa6e-58a1-47df-9f92-24ecec1096b4,יבול,locality,0.3537,27.0,76.32518615721447,26.07444145637572,167.7058517085819,0.4807692307692308,1.0455211643539226,1,2.8268587465634987,48.67
4d923891-6bba-405e-bd8b-b6338d5a6014,אשלים,locality,0.2716,33.0,121.48241374014236,36.64086712026217,82.25852164451561,0.79375,1.3268237795872189,2,7.362570529705598,57.34
15faf3db-7df3-4208-8cf6-bf9772bbb76b,טללים,locality,0.3034,55.0,181.28761857713698,48.488867046957594,117.68647891186987,0.5634920634920635,16.538066882736636,10,32.961385195843086,63.18
782cc4e3-2994-42cb-8b6f-d7fb04e79c1e,משאבי שדה,locality,0.3988,35.0,87.76958849058293,26.896124294766132,134.06755781044484,0.5394736842105263,1.3362521313882194,6,15.046215169814216,51.46
77cd6861-48fb-4466-ad69-39966a773681,רתמים,locality,0.2229,33.0,148.0545651861366,25.15296988572036,69.21438887652394,0.5540540540540541,1.1861755111523455,1,4.4865019753374735,60.38
0e4f179e-6d7a-4e4d-80e5-66821341af26,بئر هداج,locality,17.7087,29.0,1.637616101500695,5.561199234907079,1094.2381270251087,0.7264150943396226,1.2668792341866426,0,0.0,15.03
d9d91185-5bd6-4d9c-bd2b-53f6c6aea807,רביבים,locality,0.5988,25.0,41.74739747411975,26.962106752800988,127.13370534251352,0.8655913978494624,1.201862625697659,9,15.02906309068311,44.31
858e6dc3-dfe7-4239-98e0-fcc1a5f6ec55,גבולות,locality,0.4461,31.0,69.48383321299264,23.44224805593711,123.04338097424376,0.6309523809523809,1.3259344265743072,7,15.689897822288659,45.91
9bb9cb7e-051e-46f6-a87d-a0efda0f0219,צאלים,locality,0.4693,11.0,23.43908198006369,10.084576603257696,163.1968449991099,0.6666666666666666,1.1514360846450986,7,14.915779441858712,30.11
af35d661-65fa-476d-b238-71267a0d5d45,חצרים,locality,0.6681,29.0,43.40627332210498,35.353598420315684,137.32533739474798,0.8862745098039215,1.3090729247376791,7,10.477376319128789,43.24
e517d0ae-f78e-419d-996b-1f1b0ec08f75,כפר רפאל,locality,0.0433,0.0,0.0,11.781125666899703,510.21575834304724,1.0,1.2827764360640306,1,23.090477850310883,27.85
e62fb8c2-6962-4d1d-a141-bc9e4d4d95d0,באר שבע,locality,117.4014,5281.0,44.98242793637097,15.635786472594011,123.58871721031252,0.6622321714102974,1.3908568606567542,3455,29.428950676038948,40.33
78bae7ee-0f57-4f6b-9f8e-8ae44b8276b0,באר-שבע,locality,41.2871,4769.0,115.50817304960934,29.7662853011946,90.92662357882745,0.6659896344025774,1.4038693423559483,3430,83.07675268613127,71.89
96d6c9b8-59ee-4ef0-bfba-abd6c1f76f57,נאות חובב,locality,76.8736,251.0,3.2651005616860256,3.7552750268768107,386.45444522374277,0.7015457788347206,1.5383633964645977,7,0.0910585814016023,10.12
b2a1d92e-fbda-42c1-a406-498454a48a04,الدنفيري,locality,0.7766,8.0,10.301084306053422,6.852808416193033,204.6926685681634,0.7241379310344828,1.448291154766192,0,0.0,14.9
4cecb2c1-2454-4266-82c4-4b7304aba1ac,أبو عفش,locality,0.9334,18.0,19.284826588343705,11.949793898073816,210.44630868551178,0.7049180327868853,1.3589861628469906,0,0.0,21.44
a4ba4d8d-aa4e-4f73-8b81-1f581bd23e84,الجرجاوي,locality,1.2371,0.0,0.0,10.746342503854958,2215.760810304942,1.0,1.4164985332006663,0,0.0,15.92
57a42162-1640-4504-a945-37e00bd8048a,أبو عمار,locality,0.3974,1.0,2.5161492211926606,26.20069782627495,1735.502383668628,0.8333333333333334,1.1611837520423658,0,0.0,30.55
a7aa874c-f35b-449f-89a2-bdb4f52e8745,أبو قرينات,locality,1.5208,38.0,24.986869676228526,7.654638128519529,155.21552060625916,0.3870967741935484,1.054365486540544,0,0.0,27.67
ee14aaff-8581-4c26-8c37-f281b0248ab1,المذبح,locality,1.3433,2.0,1.4889233919729907,4.048427640356674,494.3691238652224,0.8333333333333334,1.2074266236833961,0,0.0,14.89
ff6b05af-33b9-44fe-80c4-2c4e38b2093b,الوليدي,locality,0.1272,4.0,31.448762743993154,14.39255119599278,140.8156284914757,0.75,1.0655660124143453,0,0.0,29.9
07f6cfe1-6e48-45fb-84af-b5b229503113,شقيب السلام,locality,13.524,241.0,17.820154011766693,11.122714899815847,183.22015142827678,0.750775594622544,1.3068498749058592,23,1.7006785986333357,22.06
700ba96c-cf6c-4ccd-b593-81c4aaeda4b0,נבטים,locality,3.1573,53.0,16.786442445494053,15.19288545644092,321.9372270435187,0.6807228915662651,1.2520801719906738,2,0.6334506583205303,24.96
f545cb99-3513-4545-b87e-84a71a708d32,עומר,locality,18.2211,376.0,20.63540698950848,13.013772969622687,201.9807289362567,0.7078477078477079,1.7609535348854097,141,7.73827762106568,19.48
e656c54b-1324-4536-8152-25f08888c956,ترابين الصانع,locality,0.9338,9.0,9.638475687570702,8.899457955263832,251.81625970380728,0.7692307692307693,1.077713525096357,0,0.0,21.69
bcfd3851-be58-488e-b137-affd1fe4b82b,أم بطين,locality,1.2554,13.0,10.355286002539696,8.133430647398571,243.11162799975585,0.717391304347826,1.4411768966561576,2,1.5931209234676456,16.51
19979e73-6455-4a60-9961-7f5ae59bc0f8,أبو سريخان,locality,0.5735,2.0,3.48749739943214,4.389139421992966,503.4142159025138,0.6666666666666666,1.1898384170421648,0,0.0,15.78
e145f5d0-dfea-471b-8de2-7c0a19d330ed,أبو رقيق,locality,0.0143,0.0,0.0,12.004485650700692,171.21498066046763,1.0,1.2190478192746304,0,0.0,19.72
c84a5577-6034-480f-a814-d6f33a5024f2,تل السبع,locality,9.422,393.0,41.710968803621796,11.154088328181192,149.7060116588268,0.26542056074766357,1.1015416896669092,12,1.2736173680495204,36.8
63a7d77a-5794-41fa-b767-6c580dcc8acc,السيد,locality,3.1308,120.0,38.328382747528686,9.210244233972452,127.59200409509238,0.375,1.0765550759779132,2,0.6388063791254781,31.66
77b5dcac-edf4-4212-a4bd-a92c22e23127,عوقبي,locality,0.1331,0.0,0.0,9.764056234320524,433.3029720356082,1.0,1.0549730731718128,0,0.0,20.68
fd507cfd-8c95-4063-bbb1-db27a2663319,السيد‎,locality,0.1414,3.0,21.220820309730165,25.932049563191566,458.2536605212171,0.625,1.0784533375701648,0,0.0,35.36
23e3d5a7-3f72-403c-b5fa-c3f2339ed5c8,سعورا,locality,1.724,5.0,2.9002106608269167,3.92066593762826,482.8055609132875,0.7222222222222222,1.1122729710168782,1,0.5800421321653834,16.74
f03a0b84-12e9-4219-b658-43304b11b4b3,الأطرش,locality,0.3578,0.0,0.0,7.559725461027812,901.6727569191047,1.0,1.0370275664868378,0,0.0,19.48
7cc88a50-475e-44e6-9276-fc406bd8ac29,זבארגה,locality,0.0658,,,,,,,0,0.0,0.0
c941a12f-c283-4de3-890f-49edbf7680ce,נצאצרה,locality,0.6096,0.0,0.0,12.288221416007929,3745.73548973195,1.0,1.445258188838621,1,1.6402948699518676,17.17
5d9f07fb-fde1-48d1-8c25-ac51a6d052e7,الحمرة,locality,0.3336,0.0,0.0,6.104226495228188,2036.5440483555408,1.0,1.9357007895078517,0,0.0,5.03
b4075c1f-9807-40ec-ac46-9db0790468e8,مكحول,locality,0.0486,0.0,0.0,54.994791041018004,891.4157862883402,1.0,1.0312207756510334,0,0.0,34.53
ede3e330-ea2e-42b5-bafe-0d8c18789af3,ג'נאביב,locality,0.1144,1.0,8.738197088476454,39.02873791188705,893.2904011367839,0.8571428571428571,1.1590834130780168,0,0.0,34.36
2ed2a63a-6a79-464f-9bc9-9fec72effb89,كسيفة,locality,13.5263,202.0,14.933848200959162,3.90910655286185,136.630035234689,0.39880952380952384,1.0973935016037675,5,0.3696497079445337,22.32
d04ae13c-747e-4c9f-87ee-7d50852e611a,אבו ג'ווייעד,locality,0.0659,0.0,0.0,25.699460202319163,1694.0366897362244,1.0,1.3733346333497745,0,0.0,26.53
dcc3b7a6-0a4d-4ac7-8f85-22bda4e245e2,عرعرة النقب,locality,14.0347,346.0,24.653101751732276,9.259012131991799,204.3205589971013,0.350844277673546,1.053133679080416,14,0.997524348335988,30.18
1d7b3ec2-b936-49ec-ba97-0c0b2e55cea8,المزرعة,locality,0.0463,,,,,,,0,0.0,0.0
fb28d1fa-77bd-42b9-8d81-ccdf5908c018,דימונה,locality,223.2371,1310.0,5.868198921206421,3.4242807455260444,244.46008084277437,0.5761889356195407,1.5186615840949633,381,1.7067051824272108,11.36
6826b077-fe98-4e5b-943d-4699d6b70697,قصر السر,locality,1.8049,77.0,42.66196231488435,9.336465524881502,113.09570884130588,0.3937007874015748,1.0631214952981114,1,0.5540514586348617,32.22
5c895019-2b6b-4308-a9b9-8a921f8247ae,هواشلة,locality,0.4631,7.0,15.115086588221587,7.669556633355313,208.93381674984968,0.36363636363636365,4.353051053999619,1,2.159298084031655,13.09
3c87e702-4655-4dd5-bac8-6038a85ad224,مجلس إقليمي واحة الصحراء,locality,32.7213,327.0,9.993505681210138,5.19179836785718,267.53091890093896,0.40974729241877256,1.196320391004964,8,0.24448943562593609,20.32
8a08704e-f897-4aa3-885e-11091cb6d839,وادي المشاش,locality,0.1802,0.0,0.0,24.455029522589832,1468.8865104474341,1.0,1.0745550359977794,0,0.0,30.19
66561854-76e2-4311-8f37-a0431fe7df96,الرحمة,locality,1.014,10.0,9.861732785035132,17.259125183680418,257.3692372308426,0.8969072164948454,1.1778454588145362,0,0.0,25.81
7fceed63-0c29-4a8f-aefd-02acc92e2265,ישוב בדואי,locality,0.1802,,,,,,,0,0.0,0.0
a3a22447-3375-4b4d-ab27-cfd15da99365,ירוחם,locality,58.6015,747.0,12.747123741228865,7.314602924387128,244.94078576642042,0.5510817307692307,1.2584737150156615,104,1.7746999586182088,19.26
ff57d35e-4ad8-4e88-9dde-0f7cc0bf130a,עין תמר,locality,0.0768,6.0,78.1163821126365,34.78465890077007,116.16332705468768,0.8125,1.171852608993488,0,0.0,48.05
23450e74-0c3a-46c6-9c74-4f24f2b4f061,נווה זוהר,locality,0.0818,17.0,207.72032305486488,54.64090881165914,93.16367437167521,0.6792452830188679,1.1092006513848707,7,85.53189772847377,83.36
dd393214-1fd5-4047-b374-9578e515111b,מועצה אזורית תמר,locality,1492.888,999.0,0.6691727896496188,1.8626502255683528,838.5790389441624,0.7468322351748606,1.5715933307030208,324,0.21702901285933582,7.89
178ffc6c-0a4e-40b0-a89f-9f93da7592a9,קבועה,locality,0.1756,0.0,0.0,21.600148122683525,474.1005873780597,1.0,1.2492411786313768,0,0.0,25.66
e01cb421-7105-4c27-ada8-4a6cfa6d9a19,יישוב בדואי,locality,0.4288,8.0,18.655553578881616,16.45452358542548,320.73361407759444,0.7142857142857143,1.1302133037269735,0,0.0,27.75
ef35541a-0318-404f-999a-7bb7ad9cb150,ערד,locality,125.6842,873.0,6.945980927259803,5.6555861563472085,284.21342500914295,0.6784530386740332,1.3653797841638162,375,2.9836687831872006,15.87
81073efb-da1e-4b23-ad1b-e9e44cc9d189,البقيعة,locality,0.0373,,,,,,,0,0.0,0.0
b5e2cb30-5178-473f-b0ed-701568163324,עין גדי,locality,0.308,35.0,113.62066663373483,38.798868207640325,84.76384638226982,0.8108108108108109,1.1698411401786248,17,55.18718093638549,75.18
6036bb80-eb04-4921-9767-d80ad83bbf36,צוקים,locality,0.2054,20.0,97.38172155808913,19.772653378013814,94.43849235127973,0.5238095238095238,1.5962536810112602,7,34.083602545331196,52.35
2a63a37a-bda2-41ce-a2b6-60b373291259,צופר,locality,0.8129,23.0,28.29491723774473,19.98167991993976,275.2956786519731,0.6349206349206349,1.0835462260346884,6,7.381282757672539,35.68
571e5f13-4bcc-4e28-b91c-c4952cd3f016,ספיר,locality,0.4068,21.0,51.622064806684044,12.885987343495424,121.90826990708057,0.46153846153846156,1.0467251888958133,6,14.749161373338298,40.27
1c09b0e2-aef9-4165-9c1a-e0c72be5d5e7,עין יהב,locality,1.0466,36.0,34.397322524955726,18.779619004005333,280.7802777812541,0.4,1.0598770120648537,32,30.575397799960648,48.73
c9b492c4-d0f4-4bc7-88fc-7eb753859e57,נאות הכיכר,locality,0.4012,20.0,49.84752348215698,20.771247191556142,203.26618045177307,0.4117647058823529,1.0901515109161375,16,39.87801878572559,56.06
b9630a75-b20d-49f8-afd1-6ba74451e25d,עידן,locality,0.4678,22.0,47.02540746998356,11.683684932558952,130.1429539929163,0.3333333333333333,1.02169722017317,5,10.687592606814446,41.14
53a01b4a-bfce-4a6f-a3f8-76b854f588f5,חצבה,locality,1.4509,58.0,39.975192178814076,18.743177218653496,228.5249819961761,0.3958333333333333,1.082418450875171,13,8.959956867665223,40.96
75f47cd4-f1f1-4054-9bae-528151aeace4,עין חצבה,locality,0.1755,7.0,39.895132099742206,33.10792901174988,276.6246345458591,0.6111111111111112,1.3463937241874564,5,28.496522928387293,49.18
023afafe-4dfc-4111-97f1-5b4911241f14,מרחב עם,locality,0.202,22.0,108.90920506765437,42.028937412305034,116.30105189629661,0.7411764705882353,1.5545778494573352,3,14.851255236498323,54.4
374f858b-7af1-4ada-9003-95a729f4e57b,מועצה אזורית הערבה התיכונה,locality,1662.0988,635.0,0.38204707427175133,1.496593379572423,1227.7818974156671,0.7245119305856833,1.440536756864597,159,0.0956621808019031,9.5
e281ec6c-2dee-4c5c-8e1b-45a8ef2b4a98,מצפה רמון,locality,75.8457,398.0,5.247494843058497,5.485471626216016,396.6153663943669,0.6173076923076923,1.4322201951985105,235,3.0983951962782585,14.46
cffcbae5-9041-490f-82d5-0e3c4da68298,عبدة,locality,0.2909,0.0,0.0,0.6300240975871183,183.2589421643424,1.0,1.2624746106749134,1,3.4378900704453876,12.86
d2e524f4-f91d-4cfe-80bd-5ae2504b7060,מועצה אזורית רמת נגב,locality,4088.8578,1877.0,0.4590524010360098,1.7699300283959458,1091.7170370134743,0.7693253041661546,1.8110965817667737,303,0.07410382392856205,4.13
9dc257ad-bef3-475c-b80b-b13ff0e80177,وادي أريحا,locality,0.9134,3.0,3.2842962798259885,12.640411078509853,1049.657078982,0.8125,1.3012518851632917,0,0.0,19.57
035d4a90-1b4f-42fc-9f1a-26f5ee83a21a,עזוז,locality,0.0599,6.0,100.10294751859443,56.89176437705661,113.66651190063868,0.8421052631578947,1.4877551480559361,11,183.52207045075644,67.7
b46d1407-de80-4e5c-a9c4-870a79bd75bc,عبدة,locality,0.8932,6.0,6.717279065235903,9.140002325856141,340.16758262875425,0.7857142857142857,1.106757928818628,3,3.3586395326179517,22.18
ca6485ec-1f3d-43f3-b739-eb93f83e1a13,מדרשת בן גוריון,locality,0.8137,112.0,137.64387213164983,38.626804112239306,89.80114497283449,0.7178841309823678,2.017443279424857,47,57.76126776953162,67.53
48911737-eba0-4d5f-a025-bcad88b3e9c8,שדה בוקר,locality,0.4071,42.0,103.16389175637892,37.093354044351166,98.06114438482805,0.7971014492753623,1.090880694797017,14,34.38796391879297,68.02
fcbd5ac7-5164-4ab7-9d6f-b3ee2e5a5b59,כמהין,locality,0.1307,11.0,84.16381029982294,38.83906826023,123.8090075626874,0.7708333333333334,1.4911070276616838,2,15.30251096360417,50.59
c54804b9-5979-4119-8c63-3bac625a0651,ניצני סיני,locality,0.5786,32.0,55.30639056400531,17.930968863195595,117.89509760799514,0.6893203883495146,1.952762718578934,1,1.728324705125166,24.42
25d2048a-6dd3-48e2-b136-5a0a857ef608,באר מילכה,locality,0.1417,21.0,148.17378706009538,54.567839602230094,145.91797843612898,0.6557377049180327,1.2417056598835532,0,0.0,61.01
619507f3-07df-4018-aca7-0e2a3077f0d8,ניצנה,locality,0.1876,9.0,47.96294991667597,44.64240925291878,125.02862213134806,0.9108910891089109,1.6100653326887082,8,42.63373325926753,52.5
a8a9bf79-7229-465d-bb12-a99f34c06838,פארן,locality,0.9611,44.0,45.78275896596454,15.282192515488777,163.19012413030094,0.4430379746835443,1.135438541660877,11,11.445689741491135,38.6
2058c6d1-ee6c-43f1-b111-e675e9e8d999,"נח""ל שיטים",locality,0.0278,1.0,36.00214416434296,25.596022346614053,142.19165519571874,0.8333333333333334,1.1505474640495135,4,144.00857665737183,57.01
709794cf-323d-48e8-8410-a7830baac25f,יהל,locality,0.3635,21.0,57.77306587779314,33.30924519289468,149.47675190826817,0.7920792079207921,1.2381989646937166,1,2.7510983751330063,44.08
5f1fc6d9-3811-47e9-a3eb-4e0d5e14e519,נווה חריף,locality,0.0721,6.0,83.20177949380181,69.65693168945339,135.76294546903625,0.8846153846153846,1.372667419976039,0,0.0,46.05
10160b73-c46c-428d-ac93-1c5b6b19cb6d,נאות סמדר,locality,0.3775,31.0,82.10923810836887,32.01993036190896,95.18890557992171,0.7947019867549668,1.836130483755193,2,5.297370200539928,41.0
165ded74-e67c-44b4-bbd3-e475954a41f7,לוטן,locality,0.2414,9.0,37.28615615695101,57.152404366316354,218.97213434445086,0.9108910891089109,1.1930458208820147,7,29.000343677628564,51.16
d3c0e93e-54f8-4040-a75b-360a4da77d9e,יטבתה,locality,0.5216,19.0,36.424594253742,25.45281388096546,149.17796326636287,0.8467741935483871,1.1095920137015902,2,3.8341678161833688,39.14
2203e9ed-1041-4183-9d19-40017b6c00ae,שחרות,locality,0.1548,5.0,32.30414032340168,25.817401954028227,221.9994239435141,0.8076923076923077,1.8562649977265708,0,0.0,25.83
13734140-8880-4cb7-829f-416100b8c1ea,גרופית,locality,0.1863,18.0,96.60651950101187,39.53925324427882,124.86551721337953,0.75,1.4777387184794681,2,10.734057722334652,51.45
6c220c22-5f7d-4de9-b05c-aad24c2ebbb1,קטורה,locality,0.3092,10.0,32.34172214942274,28.867590878837227,162.28736561435693,0.8809523809523809,1.1263562591068828,3,9.702516644826824,42.7
2fbcbee1-8d70-4959-afc2-dffdb7a3de13,מועצה אזורית חבל אילות,locality,2633.0622,1020.0,0.3873816635760957,1.267864032247596,982.7391250690633,0.7415758804155055,1.3617549713746842,156,0.059246607370461696,10.52
c66b47ce-20f9-428c-9fde-4e08bb1e8ab3,אליפז,locality,0.083,11.0,132.5255738255628,49.281369771529704,74.3726185806167,0.8472222222222222,1.0696079614448266,2,24.095558877375055,70.1
97512d52-1862-4b3a-8e66-0aab236ede85,סמר,locality,0.1256,15.0,119.39194994774337,37.94309692228783,88.27855772263618,0.7794117647058824,1.3961315288613834,2,15.918926659699116,59.3
4cb02ad9-ea81-4d53-86f1-4a165e74fc79,אילת,locality,102.4987,1884.0,18.38072757166814,9.43813176308966,166.04804091805366,0.7168194799338644,1.4259386340229974,2325,22.683222719813386,27.65
7cbc39fa-ecab-461e-be13-a39bc24a0371,אילות,locality,0.2269,16.0,70.5311482330456,37.59584460913899,121.83745941958377,0.8315789473684211,1.322920991565648,14,61.7147547039149,64.26
